exp,workload,n_traces,speedup_vs_nopf,speedup_vs_pythia,precision,recall
proj_big,706.stockfish_r,3,1.0,1.0,,
proj_big,707.ntest_r,4,1.0007,0.9996,89.39,91.33
proj_big,708.sqlite_r,12,1.0438,0.9409,97.24,97.75
proj_big,710.omnetpp_r,24,1.0009,1.0041,97.58,89.46
proj_big,714.cpython_r,9,1.0003,0.9996,99.32,96.87
proj_big,721.gcc_r,7,1.04,0.9255,89.85,69.33
proj_big,723.llvm_r,6,1.0103,1.002,88.99,75.97
proj_big,727.cppcheck_r,12,1.0743,0.9862,99.05,97.84
proj_big,729.abc_r,26,1.0203,0.9654,95.97,89.42
proj_big,734.vpr_r,11,1.0228,0.9637,90.85,80.76
proj_big,735.gem5_r,4,1.0009,1.0005,92.91,82.05
proj_big,750.sealcrypto_r,2,1.0124,0.9801,98.04,95.48
proj_big,753.ns3_r,24,1.0007,1.0008,93.09,84.53
proj_big,801.xz_s,4,1.0079,1.0005,94.75,95.5
proj_big,817.flac_s,42,1.0,1.0,100.0,97.9
proj_big,821.gcc_s,57,1.0142,0.9767,87.9,71.88
proj_big,823.llvm_s,87,1.0283,0.9987,95.51,88.25
proj_big,829.abc_s,8,1.0483,0.9631,94.92,92.36
proj_big,834.vpr_s,12,1.0254,0.9711,90.63,82.92
proj_big,835.gem5_s,4,1.0001,1.0,91.42,79.99
proj_big,838.diamond_s,1,1.0,0.9999,97.29,96.08
proj_big,846.minizinc_s,15,1.0126,0.9939,96.67,95.01
proj_big,853.ns3_s,26,1.0023,1.0102,85.85,77.45
proj_big,854.graph500_s,3,1.0064,0.994,86.52,89.24
proj_big_pythia,706.stockfish_r,3,1.0,1.0,,
proj_big_pythia,707.ntest_r,4,1.0014,1.0003,78.13,75.27
proj_big_pythia,708.sqlite_r,12,1.1324,1.0208,93.04,84.99
proj_big_pythia,710.omnetpp_r,24,0.9973,1.0005,81.73,60.55
proj_big_pythia,714.cpython_r,9,1.0007,1.0,88.38,67.91
proj_big_pythia,721.gcc_r,7,1.1379,1.0126,78.73,41.08
proj_big_pythia,723.llvm_r,6,1.0153,1.007,78.55,56.64
proj_big_pythia,727.cppcheck_r,12,1.1129,1.0216,87.53,64.25
proj_big_pythia,729.abc_r,26,1.0652,1.0079,81.24,62.69
proj_big_pythia,734.vpr_r,11,1.0683,1.0066,79.31,53.79
proj_big_pythia,735.gem5_r,4,1.0009,1.0005,81.31,61.46
proj_big_pythia,750.sealcrypto_r,2,1.0333,1.0003,89.35,80.09
proj_big_pythia,753.ns3_r,24,1.0002,1.0004,72.09,58.42
proj_big_pythia,801.xz_s,4,1.0123,1.0049,89.55,85.82
proj_big_pythia,817.flac_s,42,1.0,1.0,90.63,74.14
proj_big_pythia,821.gcc_s,57,1.0436,1.0051,74.63,42.44
proj_big_pythia,823.llvm_s,87,1.0443,1.0143,82.59,64.05
proj_big_pythia,829.abc_s,8,1.1104,1.0202,86.87,70.24
proj_big_pythia,834.vpr_s,12,1.0656,1.0091,78.38,50.21
proj_big_pythia,835.gem5_s,4,1.0002,1.0001,79.45,57.16
proj_big_pythia,838.diamond_s,1,1.0001,1.0,96.45,95.71
proj_big_pythia,846.minizinc_s,15,1.0236,1.0047,83.57,66.83
proj_big_pythia,853.ns3_s,26,0.9935,1.0014,74.13,65.6
proj_big_pythia,854.graph500_s,3,1.0001,0.9878,87.49,90.46
proj_lite,706.stockfish_r,3,1.0,1.0,,
proj_lite,707.ntest_r,4,1.0007,0.9996,90.28,89.5
proj_lite,708.sqlite_r,12,1.0425,0.9398,96.54,96.84
proj_lite,710.omnetpp_r,24,1.001,1.0042,97.67,90.23
proj_lite,714.cpython_r,9,1.0003,0.9996,99.38,96.93
proj_lite,721.gcc_r,7,1.0403,0.9258,89.14,71.88
proj_lite,723.llvm_r,6,1.0104,1.0021,88.95,75.96
proj_lite,727.cppcheck_r,12,1.0743,0.9862,98.96,97.98
proj_lite,729.abc_r,26,1.0203,0.9654,96.06,90.4
proj_lite,734.vpr_r,11,1.0215,0.9625,90.96,78.24
proj_lite,735.gem5_r,4,1.0008,1.0004,94.59,81.72
proj_lite,750.sealcrypto_r,2,1.0124,0.9801,98.47,96.82
proj_lite,753.ns3_r,24,1.0007,1.0008,94.15,84.52
proj_lite,801.xz_s,4,1.0077,1.0003,93.68,93.8
proj_lite,817.flac_s,42,1.0,1.0,100.0,98.02
proj_lite,821.gcc_s,57,1.0146,0.9771,88.18,74.86
proj_lite,823.llvm_s,87,1.0274,0.9979,95.06,86.62
proj_lite,829.abc_s,8,1.0481,0.963,94.4,93.08
proj_lite,834.vpr_s,12,1.0236,0.9694,90.63,79.51
proj_lite,835.gem5_s,4,1.0001,1.0,92.7,80.19
proj_lite,838.diamond_s,1,1.0,0.9999,99.13,95.18
proj_lite,846.minizinc_s,15,1.0127,0.994,96.36,94.82
proj_lite,853.ns3_s,26,1.0023,1.0103,86.87,77.1
proj_lite,854.graph500_s,3,1.0212,1.0086,89.91,75.82
proj_lite_pythia,706.stockfish_r,3,1.0,1.0,,
proj_lite_pythia,707.ntest_r,4,1.0013,1.0003,77.76,72.94
proj_lite_pythia,708.sqlite_r,12,1.1318,1.0203,91.93,83.37
proj_lite_pythia,710.omnetpp_r,24,0.9972,1.0004,80.4,62.35
proj_lite_pythia,714.cpython_r,9,1.0007,1.0,86.83,66.19
proj_lite_pythia,721.gcc_r,7,1.1376,1.0123,77.47,41.07
proj_lite_pythia,723.llvm_r,6,1.0146,1.0063,75.36,52.26
proj_lite_pythia,727.cppcheck_r,12,1.1084,1.0175,84.54,60.18
proj_lite_pythia,729.abc_r,26,1.0647,1.0074,80.96,63.33
proj_lite_pythia,734.vpr_r,11,1.0669,1.0053,77.68,47.23
proj_lite_pythia,735.gem5_r,4,1.0009,1.0005,81.45,60.26
proj_lite_pythia,750.sealcrypto_r,2,1.0333,1.0003,89.61,79.8
proj_lite_pythia,753.ns3_r,24,1.0003,1.0004,74.37,56.8
proj_lite_pythia,801.xz_s,4,1.0123,1.0049,88.92,85.18
proj_lite_pythia,817.flac_s,42,1.0,1.0,90.45,74.04
proj_lite_pythia,821.gcc_s,57,1.0435,1.005,73.1,41.93
proj_lite_pythia,823.llvm_s,87,1.043,1.013,79.05,61.04
proj_lite_pythia,829.abc_s,8,1.109,1.0189,84.86,69.53
proj_lite_pythia,834.vpr_s,12,1.0643,1.0079,76.85,45.24
proj_lite_pythia,835.gem5_s,4,1.0002,1.0001,80.99,54.78
proj_lite_pythia,838.diamond_s,1,1.0001,1.0,95.97,96.04
proj_lite_pythia,846.minizinc_s,15,1.0233,1.0044,82.68,67.58
proj_lite_pythia,853.ns3_s,26,0.993,1.0009,74.85,64.97
proj_lite_pythia,854.graph500_s,3,0.9916,0.9794,86.17,92.57
proj_normal,706.stockfish_r,3,1.0,1.0,,
proj_normal,707.ntest_r,4,1.0007,0.9996,89.57,90.93
proj_normal,708.sqlite_r,12,1.0435,0.9407,96.97,97.47
proj_normal,710.omnetpp_r,24,1.001,1.0042,97.62,89.77
proj_normal,714.cpython_r,9,1.0003,0.9996,99.32,96.92
proj_normal,721.gcc_r,7,1.0405,0.926,89.33,71.58
proj_normal,723.llvm_r,6,1.0104,1.0021,88.83,76.38
proj_normal,727.cppcheck_r,12,1.0743,0.9862,99.04,97.83
proj_normal,729.abc_r,26,1.0203,0.9654,95.74,89.75
proj_normal,734.vpr_r,11,1.0221,0.963,90.94,79.26
proj_normal,735.gem5_r,4,1.0009,1.0005,93.66,82.26
proj_normal,750.sealcrypto_r,2,1.0124,0.9801,98.3,96.24
proj_normal,753.ns3_r,24,1.0007,1.0008,93.55,83.99
proj_normal,801.xz_s,4,1.0078,1.0005,93.72,95.36
proj_normal,817.flac_s,42,1.0,1.0,100.0,97.91
proj_normal,821.gcc_s,57,1.0146,0.9772,87.97,74.39
proj_normal,823.llvm_s,87,1.0278,0.9982,95.38,86.9
proj_normal,829.abc_s,8,1.0484,0.9632,94.64,93.0
proj_normal,834.vpr_s,12,1.0243,0.97,90.47,81.35
proj_normal,835.gem5_s,4,1.0001,1.0,91.57,80.39
proj_normal,838.diamond_s,1,1.0,0.9999,97.29,96.06
proj_normal,846.minizinc_s,15,1.0127,0.994,96.57,94.94
proj_normal,853.ns3_s,26,1.0023,1.0103,86.26,77.48
proj_normal,854.graph500_s,3,1.0115,0.999,87.11,81.77
proj_normal_pythia,706.stockfish_r,3,1.0,1.0,,
proj_normal_pythia,707.ntest_r,4,1.0013,1.0003,77.28,74.27
proj_normal_pythia,708.sqlite_r,12,1.1323,1.0207,92.79,84.83
proj_normal_pythia,710.omnetpp_r,24,0.9974,1.0006,81.36,60.59
proj_normal_pythia,714.cpython_r,9,1.0007,1.0,88.29,67.95
proj_normal_pythia,721.gcc_r,7,1.1379,1.0126,77.7,40.89
proj_normal_pythia,723.llvm_r,6,1.0155,1.0072,77.08,54.78
proj_normal_pythia,727.cppcheck_r,12,1.1147,1.0233,87.26,64.92
proj_normal_pythia,729.abc_r,26,1.065,1.0077,81.08,63.63
proj_normal_pythia,734.vpr_r,11,1.0675,1.0058,78.27,51.2
proj_normal_pythia,735.gem5_r,4,1.0009,1.0005,81.68,61.48
proj_normal_pythia,750.sealcrypto_r,2,1.0333,1.0003,89.26,81.3
proj_normal_pythia,753.ns3_r,24,1.0002,1.0003,72.37,58.57
proj_normal_pythia,801.xz_s,4,1.0122,1.0048,88.93,84.85
proj_normal_pythia,817.flac_s,42,1.0,1.0,90.59,74.17
proj_normal_pythia,821.gcc_s,57,1.0434,1.0049,73.95,42.47
proj_normal_pythia,823.llvm_s,87,1.0429,1.0129,81.25,62.49
proj_normal_pythia,829.abc_s,8,1.1076,1.0176,86.23,70.26
proj_normal_pythia,834.vpr_s,12,1.0655,1.009,77.44,49.38
proj_normal_pythia,835.gem5_s,4,1.0002,1.0001,79.95,55.37
proj_normal_pythia,838.diamond_s,1,1.0001,1.0,96.34,95.81
proj_normal_pythia,846.minizinc_s,15,1.0234,1.0045,83.49,66.95
proj_normal_pythia,853.ns3_s,26,0.9937,1.0015,74.44,65.47
proj_normal_pythia,854.graph500_s,3,0.9947,0.9824,86.59,92.11
proj_pythia,706.stockfish_r,3,1.0,1.0,,
proj_pythia,707.ntest_r,4,1.0011,1.0,,
proj_pythia,708.sqlite_r,12,1.1093,1.0,,
proj_pythia,710.omnetpp_r,24,0.9968,1.0,,
proj_pythia,714.cpython_r,9,1.0007,1.0,,
proj_pythia,721.gcc_r,7,1.1237,1.0,,
proj_pythia,723.llvm_r,6,1.0083,1.0,,
proj_pythia,727.cppcheck_r,12,1.0894,1.0,,
proj_pythia,729.abc_r,26,1.0569,1.0,,
proj_pythia,734.vpr_r,11,1.0613,1.0,,
proj_pythia,735.gem5_r,4,1.0004,1.0,,
proj_pythia,750.sealcrypto_r,2,1.0329,1.0,,
proj_pythia,753.ns3_r,24,0.9999,1.0,,
proj_pythia,801.xz_s,4,1.0073,1.0,,
proj_pythia,817.flac_s,42,1.0,1.0,,
proj_pythia,821.gcc_s,57,1.0383,1.0,,
proj_pythia,823.llvm_s,87,1.0296,1.0,,
proj_pythia,829.abc_s,8,1.0884,1.0,,
proj_pythia,834.vpr_s,12,1.056,1.0,,
proj_pythia,835.gem5_s,4,1.0001,1.0,,
proj_pythia,838.diamond_s,1,1.0001,1.0,,
proj_pythia,846.minizinc_s,15,1.0188,1.0,,
proj_pythia,853.ns3_s,26,0.9921,1.0,,
proj_pythia,854.graph500_s,3,1.0125,1.0,,
proj_xpt,706.stockfish_r,3,1.0,1.0,,
proj_xpt,707.ntest_r,4,1.0,0.9989,99.84,0.11
proj_xpt,708.sqlite_r,12,1.0088,0.9094,99.66,31.05
proj_xpt,710.omnetpp_r,24,1.0,1.0032,90.42,8.9
proj_xpt,714.cpython_r,9,1.0002,0.9994,98.99,44.26
proj_xpt,721.gcc_r,7,1.0143,0.9026,92.26,19.14
proj_xpt,723.llvm_r,6,1.0014,0.9932,95.66,13.09
proj_xpt,727.cppcheck_r,12,1.0119,0.9289,99.26,17.29
proj_xpt,729.abc_r,26,1.0066,0.9524,97.58,22.22
proj_xpt,734.vpr_r,11,1.0042,0.9462,95.25,15.37
proj_xpt,735.gem5_r,4,1.0002,0.9998,98.57,17.24
proj_xpt,750.sealcrypto_r,2,1.0063,0.9742,96.61,48.34
proj_xpt,753.ns3_r,24,1.0001,1.0002,85.75,6.35
proj_xpt,801.xz_s,4,1.0001,0.9928,99.61,12.73
proj_xpt,817.flac_s,42,1.0,1.0,100.0,41.15
proj_xpt,821.gcc_s,57,1.0031,0.9661,95.34,12.28
proj_xpt,823.llvm_s,87,1.0058,0.9768,98.65,20.58
proj_xpt,829.abc_s,8,1.0116,0.9294,94.69,16.81
proj_xpt,834.vpr_s,12,1.0055,0.9523,94.49,21.68
proj_xpt,835.gem5_s,4,1.0,0.9999,95.9,8.94
proj_xpt,838.diamond_s,1,1.0,0.9999,6.64,44.44
proj_xpt,846.minizinc_s,15,1.0034,0.9848,98.32,18.87
proj_xpt,853.ns3_s,26,1.0004,1.0083,89.26,3.66
proj_xpt,854.graph500_s,3,1.0102,0.9978,100.0,20.54
proj_xpt_pythia,706.stockfish_r,3,1.0,1.0,,
proj_xpt_pythia,707.ntest_r,4,1.0011,1.0,26.63,0.05
proj_xpt_pythia,708.sqlite_r,12,1.1094,1.0001,62.11,5.82
proj_xpt_pythia,710.omnetpp_r,24,0.9968,1.0,0.0,0.0
proj_xpt_pythia,714.cpython_r,9,1.0007,1.0,58.48,16.43
proj_xpt_pythia,721.gcc_r,7,1.1274,1.0033,55.07,0.82
proj_xpt_pythia,723.llvm_r,6,1.0083,1.0,61.62,2.83
proj_xpt_pythia,727.cppcheck_r,12,1.0891,0.9997,49.52,0.65
proj_xpt_pythia,729.abc_r,26,1.0564,0.9995,56.69,3.67
proj_xpt_pythia,734.vpr_r,11,1.0604,0.9991,53.12,1.82
proj_xpt_pythia,735.gem5_r,4,1.0005,1.0001,76.31,13.3
proj_xpt_pythia,750.sealcrypto_r,2,1.0329,1.0,90.02,23.76
proj_xpt_pythia,753.ns3_r,24,0.9999,1.0,73.18,1.16
proj_xpt_pythia,801.xz_s,4,1.0073,1.0,98.15,14.91
proj_xpt_pythia,817.flac_s,42,1.0,1.0,88.61,27.52
proj_xpt_pythia,821.gcc_s,57,1.0388,1.0005,60.61,0.83
proj_xpt_pythia,823.llvm_s,87,1.0305,1.0008,49.73,0.9
proj_xpt_pythia,829.abc_s,8,1.0892,1.0007,59.51,2.15
proj_xpt_pythia,834.vpr_s,12,1.056,1.0,47.21,2.7
proj_xpt_pythia,835.gem5_s,4,1.0002,1.0,74.63,2.11
proj_xpt_pythia,838.diamond_s,1,1.0001,1.0,5.61,43.47
proj_xpt_pythia,846.minizinc_s,15,1.019,1.0002,68.73,4.73
proj_xpt_pythia,853.ns3_s,26,0.9917,0.9995,44.25,3.17
proj_xpt_pythia,854.graph500_s,3,1.0125,1.0,100.0,0.0
