exp,key,n_traces,geo_nopf,geo_pythia,worst_vs_pythia,worst_trace,mean_prec,mean_recall,flag
e4_c045,f20+f21+f22|act=2|w=65536x65536x65536|tr=8/-21|pb=2x16,50,1.161366697578009,1.0203020661182305,0.9687736738049927,854.graph500_s-bfs-3313B,85.29700000000001,70.0894,True
e4_c050,f20+f21+f22|act=2|w=65536x65536x65536|tr=8/-21|pb=128x16,50,1.1606163682370676,1.0196428750303266,0.9734483841761978,854.graph500_s-bfs-3313B,86.5308,71.1012,True
e4_c049,f20+f21+f22|act=2|w=65536x65536x65536|tr=8/-21|pb=32x16,50,1.1602999526570474,1.0193648926577308,0.9733190443635558,854.graph500_s-bfs-3313B,86.1162,72.1062,True
e4_c029,f20+f21+f22|act=2|w=8192x1024x16384|tr=8/-21|pb=64x16,50,1.1602892048170532,1.0193554502969542,0.9810609560059866,854.graph500_s-bfs-3313B,86.2674,70.76180000000001,False
e4_c048,f20+f21+f22|act=2|w=65536x65536x65536|tr=8/-21|pb=16x16,50,1.1600843809170416,1.0191755051953701,0.9711572217808244,854.graph500_s-bfs-3313B,85.87180000000001,71.173,True
e4_c046,f20+f21+f22|act=2|w=65536x65536x65536|tr=8/-21|pb=4x16,50,1.1600223029583325,1.0191209674945187,0.9697714380739455,854.graph500_s-bfs-3313B,85.559,70.28359999999999,True
e4_c022,f20+f21+f22|act=2|w=4096x1024x2048|tr=8/-21|pb=32x16,50,1.1600213047933727,1.019120090571,0.9730418876221799,854.graph500_s-bfs-3313B,85.48360000000001,70.35979999999999,True
e4_c019,f20+f21+f22|act=2|w=8192x1024x16384|tr=8/-21|pb=16x16,50,1.159919092428435,1.0190302933628088,0.970861587923357,854.graph500_s-bfs-3313B,85.6032,70.0116,True
e4_c017,f20+f21+f22|act=2|w=4096x1024x2048|tr=8/-21|pb=16x16,50,1.1598163295672195,1.0189400125240031,0.9702333659762385,854.graph500_s-bfs-3313B,85.1892,69.4674,True
e4_c026,f20+f21+f22|act=2|w=2048x1024x1024|tr=8/-21|pb=64x16,50,1.15978967586828,1.0189165962988311,0.9767843272633123,800.pot3d_s-pot3d_n1-1519B,85.602,69.8604,True
e4_c047,f20+f21+f22|act=2|w=65536x65536x65536|tr=8/-21|pb=8x16,50,1.1597401233237852,1.018873062621109,0.9695127584486614,854.graph500_s-bfs-3313B,85.5892,70.1812,True
e4_c044,f20+f21+f22|act=2|w=8192x1024x16384|tr=8/-21|pb=64x4,50,1.1596837502079873,1.018823536828229,0.9709170192716321,854.graph500_s-bfs-3313B,85.524,70.09020000000001,True
e4_c027,f20+f21+f22|act=2|w=4096x1024x2048|tr=8/-21|pb=64x16,50,1.159670656688149,1.0188120337040465,0.9803218713623179,854.graph500_s-bfs-3313B,85.7276,70.0612,False
e4_c042,f20+f21+f22|act=2|w=4096x1024x2048|tr=8/-21|pb=64x4,50,1.1596688108171975,1.018810412040579,0.9705844311819812,854.graph500_s-bfs-3313B,85.10379999999999,69.5394,True
e4_c039,f20+f21+f22|act=2|w=8192x1024x16384|tr=8/-21|pb=32x8,50,1.1596519322538064,1.0187955836206346,0.9709354963877238,854.graph500_s-bfs-3313B,85.58239999999999,69.9012,True
e4_c032,f20+f21+f22|act=2|w=4096x1024x2048|tr=8/-21|pb=128x16,50,1.159597528178497,1.018747787700053,0.9726353910681621,854.graph500_s-bfs-3313B,85.7834,69.09779999999999,True
e4_c024,f20+f21+f22|act=2|w=8192x1024x16384|tr=8/-21|pb=32x16,50,1.159562086501655,1.0187166509228545,0.9733929528279227,854.graph500_s-bfs-3313B,85.81459999999998,70.7128,True
e4_c038,f20+f21+f22|act=2|w=8192x1024x4096|tr=8/-21|pb=32x8,50,1.1595145845228954,1.018674918740268,0.9708061565750818,854.graph500_s-bfs-3313B,85.35719999999999,69.848,True
e4_c004,f20+f21+f22|act=2|w=8192x1024x16384|tr=8/-21|pb=2x16,50,1.1594669779428268,1.0186330946617008,0.9687367195728092,854.graph500_s-bfs-3313B,85.0592,68.9478,True
e4_c028,f20+f21+f22|act=2|w=8192x1024x4096|tr=8/-21|pb=64x16,50,1.1594304488182448,1.0186010025228767,0.9769137826874946,800.pot3d_s-pot3d_n1-1519B,85.947,70.52420000000001,True
e4_c007,f20+f21+f22|act=2|w=4096x1024x2048|tr=8/-21|pb=4x16,50,1.1594158947915378,1.0185882162913182,0.9692725559394691,854.graph500_s-bfs-3313B,84.87100000000001,68.8326,True
e4_c025,f20+f21+f22|act=2|w=1024x512x512|tr=8/-21|pb=64x16,50,1.1593235835370117,1.0185071175617648,0.9799153748083,854.graph500_s-bfs-3313B,85.0522,68.51520000000001,True
e4_c009,f20+f21+f22|act=2|w=8192x1024x16384|tr=8/-21|pb=4x16,50,1.1593189899924272,1.0185030819690102,0.9695681897969365,854.graph500_s-bfs-3313B,85.3884,69.2554,True
e4_c034,f20+f21+f22|act=2|w=8192x1024x16384|tr=8/-21|pb=128x16,50,1.1593108960624963,1.018495971162881,0.9736516324532069,854.graph500_s-bfs-3313B,86.3484,69.7708,True
e4_c008,f20+f21+f22|act=2|w=8192x1024x4096|tr=8/-21|pb=4x16,50,1.1592867197947094,1.0184747314493388,0.9696420982613034,854.graph500_s-bfs-3313B,85.0342,68.9804,True
e4_c023,f20+f21+f22|act=2|w=8192x1024x4096|tr=8/-21|pb=32x16,50,1.1592862441324432,1.0184743135630725,0.9732820901313725,854.graph500_s-bfs-3313B,85.61540000000001,70.6106,True
e4_c014,f20+f21+f22|act=2|w=8192x1024x16384|tr=8/-21|pb=8x16,50,1.1592831288123384,1.0184715766432468,0.9696975296095786,854.graph500_s-bfs-3313B,85.37100000000001,69.05199999999999,True
e4_c012,f20+f21+f22|act=2|w=4096x1024x2048|tr=8/-21|pb=8x16,50,1.159266350595668,1.0184568363814754,0.9694942813325698,854.graph500_s-bfs-3313B,84.98299999999999,68.689,True
e4_c013,f20+f21+f22|act=2|w=8192x1024x4096|tr=8/-21|pb=8x16,50,1.1592581818464363,1.018449659843922,0.9698268694222206,854.graph500_s-bfs-3313B,85.17540000000001,68.9546,True
e4_c041,f20+f21+f22|act=2|w=2048x1024x1024|tr=8/-21|pb=64x4,50,1.159256429762637,1.018448120575813,0.970196411744055,854.graph500_s-bfs-3313B,84.9736,69.0782,True
e4_c036,f20+f21+f22|act=2|w=2048x1024x1024|tr=8/-21|pb=32x8,50,1.1591827466379911,1.0183833873227666,0.9699562092348627,854.graph500_s-bfs-3313B,84.936,69.06739999999999,True
e4_c020,f20+f21+f22|act=2|w=1024x512x512|tr=8/-21|pb=32x16,50,1.1591799420337767,1.0183809233779326,0.9725614826037954,854.graph500_s-bfs-3313B,84.81219999999999,68.8114,True
e4_c035,f20+f21+f22|act=2|w=1024x512x512|tr=8/-21|pb=32x8,50,1.1591263380330397,1.018333830351399,0.9702887973245137,854.graph500_s-bfs-3313B,84.552,68.0332,True
e4_c021,f20+f21+f22|act=2|w=2048x1024x1024|tr=8/-21|pb=32x16,50,1.1590981557122322,1.018309071177395,0.9732266587830971,854.graph500_s-bfs-3313B,85.14299999999999,69.893,True
e4_c033,f20+f21+f22|act=2|w=8192x1024x4096|tr=8/-21|pb=128x16,50,1.1590874585289312,1.0182996733203302,0.9728016851129876,854.graph500_s-bfs-3313B,86.1638,69.4984,True
e4_c040,f20+f21+f22|act=2|w=1024x512x512|tr=8/-21|pb=64x4,50,1.1590136892789158,1.0182348644030748,0.9698453465383123,854.graph500_s-bfs-3313B,84.43620000000001,67.9388,True
e4_c030,f20+f21+f22|act=2|w=1024x512x512|tr=8/-21|pb=128x16,50,1.159004083634058,1.018226425501464,0.9715821954509342,854.graph500_s-bfs-3313B,85.1434,67.6584,True
e4_c018,f20+f21+f22|act=2|w=8192x1024x4096|tr=8/-21|pb=16x16,50,1.1589953434409168,1.0182187469300543,0.9702333659762385,854.graph500_s-bfs-3313B,85.3732,69.7206,True
e4_c006,f20+f21+f22|act=2|w=2048x1024x1024|tr=8/-21|pb=4x16,50,1.158989342870921,1.0182134752152916,0.9689030136176345,854.graph500_s-bfs-3313B,84.6164,68.28519999999999,True
e4_c043,f20+f21+f22|act=2|w=8192x1024x4096|tr=8/-21|pb=64x4,50,1.1588887525560163,1.0181251030359075,0.9708061565750818,854.graph500_s-bfs-3313B,85.28,69.7976,True
e4_c015,f20+f21+f22|act=2|w=1024x512x512|tr=8/-21|pb=16x16,50,1.1588749427003253,1.0181129705851288,0.9699562092348627,854.graph500_s-bfs-3313B,84.505,67.95479999999999,True
e4_c037,f20+f21+f22|act=2|w=4096x1024x2048|tr=8/-21|pb=32x8,50,1.1588550122043861,1.0180954609335884,0.9700855490475048,854.graph500_s-bfs-3313B,85.0528,69.32220000000001,True
e4_c000,f20+f21+f22|act=2|w=1024x512x512|tr=8/-21|pb=2x16,50,1.1588515067594884,1.0180923812752176,0.9677204781877645,854.graph500_s-bfs-3313B,84.1308,67.2712,True
e4_c031,f20+f21+f22|act=2|w=2048x1024x1024|tr=8/-21|pb=128x16,50,1.15881760145885,1.0180625942593111,0.9727277766486206,854.graph500_s-bfs-3313B,85.68440000000001,68.8896,True
e4_c011,f20+f21+f22|act=2|w=2048x1024x1024|tr=8/-21|pb=8x16,50,1.158794224127114,1.0180420564395853,0.9695312355647531,854.graph500_s-bfs-3313B,84.7726,68.296,True
e4_c001,f20+f21+f22|act=2|w=2048x1024x1024|tr=8/-21|pb=2x16,50,1.1587068658990394,1.0179653091204286,0.968274791670516,854.graph500_s-bfs-3313B,84.351,67.9144,True
e4_c010,f20+f21+f22|act=2|w=1024x512x512|tr=8/-21|pb=8x16,50,1.1586599467558907,1.0179240889797143,0.9692356017072856,854.graph500_s-bfs-3313B,84.3964,67.199,True
e4_c003,f20+f21+f22|act=2|w=8192x1024x4096|tr=8/-21|pb=2x16,50,1.1586414985721525,1.0179078815923117,0.968478039947525,854.graph500_s-bfs-3313B,84.88960000000002,68.7076,True
e4_c016,f20+f21+f22|act=2|w=2048x1024x1024|tr=8/-21|pb=16x16,50,1.1585710002425667,1.0178459462953169,0.9699931634670462,854.graph500_s-bfs-3313B,84.9504,68.9926,True
e4_c005,f20+f21+f22|act=2|w=1024x512x512|tr=8/-21|pb=4x16,50,1.1585399476349791,1.0178186654720025,0.9687921509210843,854.graph500_s-bfs-3313B,84.31299999999999,67.36439999999999,True
e4_c002,f20+f21+f22|act=2|w=4096x1024x2048|tr=8/-21|pb=2x16,50,1.158400750418146,1.0176963757522879,0.968274791670516,854.graph500_s-bfs-3313B,84.5456,68.432,True
