"rank","TraceName","speedup"
1,"706.stockfish_r-pos_1to6_classical-1B",1
2,"706.stockfish_r-pos_1to6_nnue-1B",1
3,"706.stockfish_r-pos_7to11_nnue-1B",1
4,"710.omnetpp_r-queuenet_allocdealloc-134B",1
5,"710.omnetpp_r-queuenet_allocdealloc-216B",1
6,"710.omnetpp_r-queuenet_allocdealloc-38B",1
7,"710.omnetpp_r-queuenet_forkjoin-141B",1
8,"710.omnetpp_r-queuenet_forkjoin-27B",1
9,"710.omnetpp_r-queuenet_forkjoin-86B",1
10,"710.omnetpp_r-queuenet_forkjoin-92B",1
11,"710.omnetpp_r-queuenet_resourcealloc-105B",1
12,"710.omnetpp_r-queuenet_resourcealloc-13B",1
13,"710.omnetpp_r-queuenet_ring-132B",1
14,"710.omnetpp_r-queuenet_ring-29B",1
15,"710.omnetpp_r-queuenet_ring-54B",1
16,"710.omnetpp_r-queuenet_smallcqn-27B",1
17,"710.omnetpp_r-queuenet_smallcqn-35B",1
18,"710.omnetpp_r-queuenet_smallcqn-59B",1
19,"710.omnetpp_r-queuenet_tandemfifos-6B",1
20,"753.ns3_r-tcp_pacing-195B",1
21,"753.ns3_r-tcp_pacing-82B",1
22,"753.ns3_r-wifi_eht_network-114B",1
23,"753.ns3_r-wifi_eht_network-59B",1
24,"729.abc_r-twoexact-6B",1.00000560208398
25,"753.ns3_r-mobile_scenario-19B",1.00000858597567
26,"714.cpython_r-dna_bench-4B",1.00001115753887
27,"753.ns3_r-tcp_pacing-109B",1.00001165446832
28,"753.ns3_r-tcp_pacing-19B",1.00001167188011
29,"710.omnetpp_r-queuenet_onefifo-57B",1.00001197375353
30,"710.omnetpp_r-queuenet_onefifo-157B",1.00001200984808
31,"710.omnetpp_r-queuenet_tandemfifos-67B",1.00001248392694
32,"734.vpr_r-jpeg_place-138B",1.00001655615434
33,"753.ns3_r-wifi_mixed_network-99B",1.00002207286252
34,"729.abc_r-vga_lcd_miter-460B",1.00002252734256
35,"753.ns3_r-wifi_mixed_network-60B",1.00003303782831
36,"753.ns3_r-mobile_scenario-58B",1.00003485352805
37,"753.ns3_r-lena_radio_link_failure-8B",1.00004434688131
38,"729.abc_r-vga_lcd_miter-382B",1.00005106046197
39,"753.ns3_r-wifi_mixed_network-279B",1.00005578551585
40,"753.ns3_r-dctcp_example-10B",1.00005664631176
41,"714.cpython_r-coreml_mobilenetv2-79B",1.00007649613695
42,"714.cpython_r-coreml_resnet50-591B",1.00007684557455
43,"734.vpr_r-smithwaterman_place-116B",1.00007709836037
44,"753.ns3_r-lena_radio_link_failure-19B",1.00007798400214
45,"753.ns3_r-lena_radio_link_failure-25B",1.00007822277847
46,"714.cpython_r-coreml_resnet50-67B",1.00008506656459
47,"714.cpython_r-coreml_mobilenetv2-36B",1.00009470593806
48,"729.abc_r-vga_lcd_miter-254B",1.00009591351986
49,"753.ns3_r-wifi_eht_network-95B",1.00009990384255
50,"729.abc_r-mem_ctrl-93B",1.00013512372266
51,"753.ns3_r-mobile_scenario-254B",1.00014952284621
52,"729.abc_r-mem_ctrl-91B",1.00015622468581
53,"735.gem5_r-synthetic_traffic_74_ruby-116B",1.00016391427284
54,"753.ns3_r-mobile_scenario-164B",1.00016575935232
55,"729.abc_r-mem_ctrl-138B",1.00018903591682
56,"721.gcc_r-gcc_pp_O2_fpic-261B",1.00019076833856
57,"729.abc_r-twoexact-20B",1.00022551473739
58,"735.gem5_r-riscv_boot_timing-99B",1.00024329016776
59,"753.ns3_r-mobile_scenario-220B",1.00024469107751
60,"729.abc_r-vga_lcd_miter-451B",1.00024491795249
61,"735.gem5_r-riscv_boot_timing-221B",1.00025438256926
62,"710.omnetpp_r-queuenet_terminal-15B",1.00025828669824
63,"710.omnetpp_r-queuenet_terminal-34B",1.00025834389263
64,"753.ns3_r-lena_radio_link_failure-29B",1.00026280608339
65,"729.abc_r-twoexact-41B",1.00030689141727
66,"707.ntest_r-othello_154_20_16-1675B",1.00032258429637
67,"710.omnetpp_r-queuenet_callcenter-15B",1.00034110151425
68,"708.sqlite_r-cte_size2000-272B",1.00040375207745
69,"714.cpython_r-coreml_mobilenetv2-262B",1.00046179338821
70,"714.cpython_r-dna_bench-237B",1.00051798742933
71,"707.ntest_r-othello_154_20_16-1155B",1.00058610864481
72,"729.abc_r-beem6_fraig-79B",1.00058805323429
73,"708.sqlite_r-cte_size2000-59B",1.00060038111149
74,"708.sqlite_r-cte_size2000-141B",1.0006064439561
75,"714.cpython_r-dna_bench-181B",1.0006574218006
76,"729.abc_r-beem6_fraig-9B",1.00070014391847
77,"729.abc_r-mem_ctrl-37B",1.00072901113845
78,"707.ntest_r-othello_154_20_16-680B",1.00079834855898
79,"707.ntest_r-othello_154_20_16-1846B",1.00086258536001
80,"729.abc_r-mcml-94B",1.00089770132355
81,"727.cppcheck_r-770_7z-297B",1.00091939118235
82,"714.cpython_r-dna_bench-357B",1.00101114239264
83,"729.abc_r-twoexact-30B",1.00141708228279
84,"734.vpr_r-smithwaterman_route-54B",1.00174925105885
85,"729.abc_r-beem6_fraig-249B",1.00186719815378
86,"729.abc_r-mem_ctrl-32B",1.00187234153597
87,"735.gem5_r-synthetic_traffic_21-134B",1.002259228591
88,"729.abc_r-beem6_fraig-93B",1.0022677606894
89,"723.llvm_r-transformsplus-236B",1.0023278189888
90,"753.ns3_r-dctcp_example-151B",1.0023317868218
91,"753.ns3_r-dctcp_example-78B",1.00262652069579
92,"708.sqlite_r-fp_size1000-121B",1.00285825127509
93,"729.abc_r-vga_lcd_miter-30B",1.00295396515069
94,"723.llvm_r-codegen-250B",1.0032176797785
95,"729.abc_r-mcml-112B",1.0036898014121
96,"753.ns3_r-wifi_eht_network-36B",1.00377326544681
97,"753.ns3_r-wifi_eht_network-42B",1.00398542205502
98,"723.llvm_r-transformsplus-499B",1.00402630156729
99,"721.gcc_r-ref32_O3_inline12000-51B",1.00484238103419
100,"734.vpr_r-smithwaterman_place-17B",1.00500473612034
101,"727.cppcheck_r-770_7z-352B",1.00503220042859
102,"727.cppcheck_r-747_dealii-154B",1.00532268795742
103,"708.sqlite_r-fp_size1000-283B",1.00568548545515
104,"734.vpr_r-jpeg_route-304B",1.00572841949048
105,"721.gcc_r-gcc_pp_O2_fpic-186B",1.0070416584514
106,"710.omnetpp_r-randommesh_general-95B",1.00821277217595
107,"710.omnetpp_r-randommesh_general-279B",1.00951175945222
108,"723.llvm_r-codegen-232B",1.00972721874891
109,"734.vpr_r-smithwaterman_route-156B",1.01063490087623
110,"750.sealcrypto_r-ecuador_galapagos-1207B",1.01194660083802
111,"750.sealcrypto_r-ecuador_galapagos-811B",1.01294622288269
112,"734.vpr_r-jpeg_place-245B",1.01395370689385
113,"734.vpr_r-jpeg_place-24B",1.03124567090572
114,"734.vpr_r-smithwaterman_place-213B",1.03307189982496
115,"708.sqlite_r-main_size2000-327B",1.03517319843418
116,"734.vpr_r-jpeg_route-49B",1.04200736722798
117,"723.llvm_r-transformsplus-17B",1.04238647100124
118,"708.sqlite_r-fp_size1000-503B",1.04306867149537
119,"708.sqlite_r-main_size2000-136B",1.04608842924579
120,"708.sqlite_r-main_size2000-556B",1.05632204391337
121,"708.sqlite_r-main_size2000-499B",1.05695527906955
122,"729.abc_r-des_system90-103B",1.05948241326817
123,"721.gcc_r-ref32_O3_inline12000-41B",1.06276592003938
124,"729.abc_r-des_system90-32B",1.06292866222464
125,"727.cppcheck_r-770_7z-404B",1.06476458546571
126,"721.gcc_r-gcc_pp_O2_fpic-309B",1.06845803441344
127,"729.abc_r-des_system90-75B",1.07124239791486
128,"729.abc_r-mcml-19B",1.07778880508138
129,"727.cppcheck_r-738_diamond-63B",1.07881424243267
130,"727.cppcheck_r-738_diamond-320B",1.07946029063405
131,"734.vpr_r-jpeg_place-76B",1.08373565492679
132,"723.llvm_r-codegen-388B",1.09305570273039
133,"729.abc_r-des_system90-77B",1.10084428769905
134,"727.cppcheck_r-770_7z-38B",1.10439973430289
135,"729.abc_r-des_system90-88B",1.10505262968656
136,"727.cppcheck_r-770_7z-57B",1.11011082110308
137,"708.sqlite_r-fp_size1000-424B",1.11264327434017
138,"721.gcc_r-ref32_O3_inline12000-113B",1.11703578619212
139,"727.cppcheck_r-738_diamond-4B",1.11862245871728
140,"721.gcc_r-ref32_O3_inline12000-390B",1.12009086948404
141,"708.sqlite_r-cte_size2000-233B",1.13323184718689
142,"727.cppcheck_r-747_dealii-218B",1.15901163956114
143,"727.cppcheck_r-747_dealii-21B",1.17476877447218
144,"727.cppcheck_r-747_dealii-3B",1.19527113077284
