TraceName,ExpName,dram_read_reqs,Filter
708.sqlite_r-cte_size2000-233B,bw3200_nopf,1646766,1
708.sqlite_r-cte_size2000-233B,bw3200_pythia,1647029,1
708.sqlite_r-cte_size2000-233B,bw3200_xpt,1646767,1
708.sqlite_r-cte_size2000-233B,bw3200_xpt_pythia,1647029,1
708.sqlite_r-cte_size2000-233B,bw3200_normal,1646767,1
708.sqlite_r-cte_size2000-233B,bw3200_normal_pythia,1647028,1
708.sqlite_r-fp_size1000-424B,bw3200_nopf,3489652,1
708.sqlite_r-fp_size1000-424B,bw3200_pythia,5610883,1
708.sqlite_r-fp_size1000-424B,bw3200_xpt,3489652,1
708.sqlite_r-fp_size1000-424B,bw3200_xpt_pythia,5610883,1
708.sqlite_r-fp_size1000-424B,bw3200_normal,3501892,1
708.sqlite_r-fp_size1000-424B,bw3200_normal_pythia,5622155,1
708.sqlite_r-main_size2000-136B,bw3200_nopf,1889578,1
708.sqlite_r-main_size2000-136B,bw3200_pythia,3000126,1
708.sqlite_r-main_size2000-136B,bw3200_xpt,1885907,1
708.sqlite_r-main_size2000-136B,bw3200_xpt_pythia,2992479,1
708.sqlite_r-main_size2000-136B,bw3200_normal,2016389,1
708.sqlite_r-main_size2000-136B,bw3200_normal_pythia,3083303,1
708.sqlite_r-main_size2000-499B,bw3200_nopf,1584371,1
708.sqlite_r-main_size2000-499B,bw3200_pythia,2694453,1
708.sqlite_r-main_size2000-499B,bw3200_xpt,1584249,1
708.sqlite_r-main_size2000-499B,bw3200_xpt_pythia,2694453,1
708.sqlite_r-main_size2000-499B,bw3200_normal,1774685,1
708.sqlite_r-main_size2000-499B,bw3200_normal_pythia,2840024,1
708.sqlite_r-main_size2000-556B,bw3200_nopf,1565377,1
708.sqlite_r-main_size2000-556B,bw3200_pythia,2668103,1
708.sqlite_r-main_size2000-556B,bw3200_xpt,1565240,1
708.sqlite_r-main_size2000-556B,bw3200_xpt_pythia,2668103,1
708.sqlite_r-main_size2000-556B,bw3200_normal,1755879,1
708.sqlite_r-main_size2000-556B,bw3200_normal_pythia,2819988,1
709.cactus_r-shifted_gauge_wave-19B,bw3200_nopf,1380208,1
709.cactus_r-shifted_gauge_wave-19B,bw3200_pythia,1535723,1
709.cactus_r-shifted_gauge_wave-19B,bw3200_xpt,1395522,1
709.cactus_r-shifted_gauge_wave-19B,bw3200_xpt_pythia,1534111,1
709.cactus_r-shifted_gauge_wave-19B,bw3200_normal,1408503,1
709.cactus_r-shifted_gauge_wave-19B,bw3200_normal_pythia,1555616,1
709.cactus_r-shifted_gauge_wave-26B,bw3200_nopf,1836001,1
709.cactus_r-shifted_gauge_wave-26B,bw3200_pythia,2040216,1
709.cactus_r-shifted_gauge_wave-26B,bw3200_xpt,1840534,1
709.cactus_r-shifted_gauge_wave-26B,bw3200_xpt_pythia,2036324,1
709.cactus_r-shifted_gauge_wave-26B,bw3200_normal,1856243,1
709.cactus_r-shifted_gauge_wave-26B,bw3200_normal_pythia,2057092,1
709.cactus_r-shifted_gauge_wave-27B,bw3200_nopf,23809783,1
709.cactus_r-shifted_gauge_wave-27B,bw3200_pythia,24102650,1
709.cactus_r-shifted_gauge_wave-27B,bw3200_xpt,23816627,1
709.cactus_r-shifted_gauge_wave-27B,bw3200_xpt_pythia,24613470,1
709.cactus_r-shifted_gauge_wave-27B,bw3200_normal,23833617,1
709.cactus_r-shifted_gauge_wave-27B,bw3200_normal_pythia,24562443,1
709.cactus_r-shifted_gauge_wave-824B,bw3200_nopf,1391098,1
709.cactus_r-shifted_gauge_wave-824B,bw3200_pythia,1535679,1
709.cactus_r-shifted_gauge_wave-824B,bw3200_xpt,1406662,1
709.cactus_r-shifted_gauge_wave-824B,bw3200_xpt_pythia,1541829,1
709.cactus_r-shifted_gauge_wave-824B,bw3200_normal,1417686,1
709.cactus_r-shifted_gauge_wave-824B,bw3200_normal_pythia,1556938,1
709.cactus_r-shifted_gauge_wave-8B,bw3200_nopf,7788142,1
709.cactus_r-shifted_gauge_wave-8B,bw3200_pythia,8197602,1
709.cactus_r-shifted_gauge_wave-8B,bw3200_xpt,7812705,1
709.cactus_r-shifted_gauge_wave-8B,bw3200_xpt_pythia,8224590,1
709.cactus_r-shifted_gauge_wave-8B,bw3200_normal,7883259,1
709.cactus_r-shifted_gauge_wave-8B,bw3200_normal_pythia,8274040,1
721.gcc_r-gcc_pp_O2_fpic-309B,bw3200_nopf,3733168,1
721.gcc_r-gcc_pp_O2_fpic-309B,bw3200_pythia,5450335,1
721.gcc_r-gcc_pp_O2_fpic-309B,bw3200_xpt,3748363,1
721.gcc_r-gcc_pp_O2_fpic-309B,bw3200_xpt_pythia,5443224,1
721.gcc_r-gcc_pp_O2_fpic-309B,bw3200_normal,4000733,1
721.gcc_r-gcc_pp_O2_fpic-309B,bw3200_normal_pythia,5655325,1
721.gcc_r-ref32_O3_inline12000-113B,bw3200_nopf,11165189,1
721.gcc_r-ref32_O3_inline12000-113B,bw3200_pythia,15904688,1
721.gcc_r-ref32_O3_inline12000-113B,bw3200_xpt,11159327,1
721.gcc_r-ref32_O3_inline12000-113B,bw3200_xpt_pythia,15931845,1
721.gcc_r-ref32_O3_inline12000-113B,bw3200_normal,11895673,1
721.gcc_r-ref32_O3_inline12000-113B,bw3200_normal_pythia,16767435,1
721.gcc_r-ref32_O3_inline12000-390B,bw3200_nopf,10442540,1
721.gcc_r-ref32_O3_inline12000-390B,bw3200_pythia,14457970,1
721.gcc_r-ref32_O3_inline12000-390B,bw3200_xpt,10454751,1
721.gcc_r-ref32_O3_inline12000-390B,bw3200_xpt_pythia,14502452,1
721.gcc_r-ref32_O3_inline12000-390B,bw3200_normal,10770755,1
721.gcc_r-ref32_O3_inline12000-390B,bw3200_normal_pythia,15063415,1
721.gcc_r-ref32_O3_inline12000-41B,bw3200_nopf,5378466,1
721.gcc_r-ref32_O3_inline12000-41B,bw3200_pythia,7093683,1
721.gcc_r-ref32_O3_inline12000-41B,bw3200_xpt,5415038,1
721.gcc_r-ref32_O3_inline12000-41B,bw3200_xpt_pythia,7126576,1
721.gcc_r-ref32_O3_inline12000-41B,bw3200_normal,5646993,1
721.gcc_r-ref32_O3_inline12000-41B,bw3200_normal_pythia,7339140,1
722.palm_r-atmos-1670B,bw3200_nopf,2226260,1
722.palm_r-atmos-1670B,bw3200_pythia,2358867,1
722.palm_r-atmos-1670B,bw3200_xpt,2223974,1
722.palm_r-atmos-1670B,bw3200_xpt_pythia,2424914,1
722.palm_r-atmos-1670B,bw3200_normal,2228496,1
722.palm_r-atmos-1670B,bw3200_normal_pythia,2467346,1
722.palm_r-atmos-334B,bw3200_nopf,6198599,1
722.palm_r-atmos-334B,bw3200_pythia,6196571,1
722.palm_r-atmos-334B,bw3200_xpt,6200154,1
722.palm_r-atmos-334B,bw3200_xpt_pythia,6385049,1
722.palm_r-atmos-334B,bw3200_normal,6199317,1
722.palm_r-atmos-334B,bw3200_normal_pythia,6349607,1
723.llvm_r-codegen-388B,bw3200_nopf,4521869,1
723.llvm_r-codegen-388B,bw3200_pythia,7131208,1
723.llvm_r-codegen-388B,bw3200_xpt,4517850,1
723.llvm_r-codegen-388B,bw3200_xpt_pythia,7134943,1
723.llvm_r-codegen-388B,bw3200_normal,4581538,1
723.llvm_r-codegen-388B,bw3200_normal_pythia,7025000,1
727.cppcheck_r-738_diamond-320B,bw3200_nopf,1108378,1
727.cppcheck_r-738_diamond-320B,bw3200_pythia,1580769,1
727.cppcheck_r-738_diamond-320B,bw3200_xpt,1108385,1
727.cppcheck_r-738_diamond-320B,bw3200_xpt_pythia,1580834,1
727.cppcheck_r-738_diamond-320B,bw3200_normal,1108689,1
727.cppcheck_r-738_diamond-320B,bw3200_normal_pythia,1604883,1
727.cppcheck_r-738_diamond-4B,bw3200_nopf,2024437,1
727.cppcheck_r-738_diamond-4B,bw3200_pythia,3000767,1
727.cppcheck_r-738_diamond-4B,bw3200_xpt,2023682,1
727.cppcheck_r-738_diamond-4B,bw3200_xpt_pythia,2972231,1
727.cppcheck_r-738_diamond-4B,bw3200_normal,2035715,1
727.cppcheck_r-738_diamond-4B,bw3200_normal_pythia,3054642,1
727.cppcheck_r-738_diamond-63B,bw3200_nopf,1146854,1
727.cppcheck_r-738_diamond-63B,bw3200_pythia,2038415,1
727.cppcheck_r-738_diamond-63B,bw3200_xpt,1149835,1
727.cppcheck_r-738_diamond-63B,bw3200_xpt_pythia,2040525,1
727.cppcheck_r-738_diamond-63B,bw3200_normal,1150389,1
727.cppcheck_r-738_diamond-63B,bw3200_normal_pythia,2066813,1
727.cppcheck_r-747_dealii-218B,bw3200_nopf,5527460,1
727.cppcheck_r-747_dealii-218B,bw3200_pythia,7745669,1
727.cppcheck_r-747_dealii-218B,bw3200_xpt,5526263,1
727.cppcheck_r-747_dealii-218B,bw3200_xpt_pythia,7267636,1
727.cppcheck_r-747_dealii-218B,bw3200_normal,5540372,1
727.cppcheck_r-747_dealii-218B,bw3200_normal_pythia,7801686,1
727.cppcheck_r-747_dealii-21B,bw3200_nopf,4185101,1
727.cppcheck_r-747_dealii-21B,bw3200_pythia,5667917,1
727.cppcheck_r-747_dealii-21B,bw3200_xpt,4182680,1
727.cppcheck_r-747_dealii-21B,bw3200_xpt_pythia,5641270,1
727.cppcheck_r-747_dealii-21B,bw3200_normal,4199452,1
727.cppcheck_r-747_dealii-21B,bw3200_normal_pythia,6389176,1
727.cppcheck_r-747_dealii-3B,bw3200_nopf,6411518,1
727.cppcheck_r-747_dealii-3B,bw3200_pythia,9436055,1
727.cppcheck_r-747_dealii-3B,bw3200_xpt,6415299,1
727.cppcheck_r-747_dealii-3B,bw3200_xpt_pythia,9426076,1
727.cppcheck_r-747_dealii-3B,bw3200_normal,6527823,1
727.cppcheck_r-747_dealii-3B,bw3200_normal_pythia,9862715,1
727.cppcheck_r-770_7z-38B,bw3200_nopf,2172498,1
727.cppcheck_r-770_7z-38B,bw3200_pythia,5276094,1
727.cppcheck_r-770_7z-38B,bw3200_xpt,2152589,1
727.cppcheck_r-770_7z-38B,bw3200_xpt_pythia,5276094,1
727.cppcheck_r-770_7z-38B,bw3200_normal,2317586,1
727.cppcheck_r-770_7z-38B,bw3200_normal_pythia,5372965,1
727.cppcheck_r-770_7z-404B,bw3200_nopf,3637120,1
727.cppcheck_r-770_7z-404B,bw3200_pythia,4706647,1
727.cppcheck_r-770_7z-404B,bw3200_xpt,3636930,1
727.cppcheck_r-770_7z-404B,bw3200_xpt_pythia,4738345,1
727.cppcheck_r-770_7z-404B,bw3200_normal,3644472,1
727.cppcheck_r-770_7z-404B,bw3200_normal_pythia,5035414,1
727.cppcheck_r-770_7z-57B,bw3200_nopf,2475786,1
727.cppcheck_r-770_7z-57B,bw3200_pythia,3557205,1
727.cppcheck_r-770_7z-57B,bw3200_xpt,2474936,1
727.cppcheck_r-770_7z-57B,bw3200_xpt_pythia,3548861,1
727.cppcheck_r-770_7z-57B,bw3200_normal,2490126,1
727.cppcheck_r-770_7z-57B,bw3200_normal_pythia,3757931,1
729.abc_r-des_system90-103B,bw3200_nopf,4464205,1
729.abc_r-des_system90-103B,bw3200_pythia,6631904,1
729.abc_r-des_system90-103B,bw3200_xpt,4464315,1
729.abc_r-des_system90-103B,bw3200_xpt_pythia,6629868,1
729.abc_r-des_system90-103B,bw3200_normal,4732745,1
729.abc_r-des_system90-103B,bw3200_normal_pythia,6924553,1
729.abc_r-des_system90-32B,bw3200_nopf,2848613,1
729.abc_r-des_system90-32B,bw3200_pythia,4106388,1
729.abc_r-des_system90-32B,bw3200_xpt,2847597,1
729.abc_r-des_system90-32B,bw3200_xpt_pythia,4106974,1
729.abc_r-des_system90-32B,bw3200_normal,3139846,1
729.abc_r-des_system90-32B,bw3200_normal_pythia,4336851,1
729.abc_r-des_system90-75B,bw3200_nopf,14182314,1
729.abc_r-des_system90-75B,bw3200_pythia,14753840,1
729.abc_r-des_system90-75B,bw3200_xpt,14183607,1
729.abc_r-des_system90-75B,bw3200_xpt_pythia,15444729,1
729.abc_r-des_system90-75B,bw3200_normal,14208697,1
729.abc_r-des_system90-75B,bw3200_normal_pythia,15559679,1
729.abc_r-des_system90-77B,bw3200_nopf,4767626,1
729.abc_r-des_system90-77B,bw3200_pythia,4805993,1
729.abc_r-des_system90-77B,bw3200_xpt,4763646,1
729.abc_r-des_system90-77B,bw3200_xpt_pythia,4804590,1
729.abc_r-des_system90-77B,bw3200_normal,4763527,1
729.abc_r-des_system90-77B,bw3200_normal_pythia,4842035,1
729.abc_r-des_system90-88B,bw3200_nopf,3748069,1
729.abc_r-des_system90-88B,bw3200_pythia,3778309,1
729.abc_r-des_system90-88B,bw3200_xpt,3745066,1
729.abc_r-des_system90-88B,bw3200_xpt_pythia,3777885,1
729.abc_r-des_system90-88B,bw3200_normal,3745338,1
729.abc_r-des_system90-88B,bw3200_normal_pythia,3796347,1
729.abc_r-mcml-19B,bw3200_nopf,11208629,1
729.abc_r-mcml-19B,bw3200_pythia,13085318,1
729.abc_r-mcml-19B,bw3200_xpt,11221841,1
729.abc_r-mcml-19B,bw3200_xpt_pythia,13438491,1
729.abc_r-mcml-19B,bw3200_normal,11519607,1
729.abc_r-mcml-19B,bw3200_normal_pythia,13612150,1
734.vpr_r-jpeg_place-76B,bw3200_nopf,3873957,1
734.vpr_r-jpeg_place-76B,bw3200_pythia,4921088,1
734.vpr_r-jpeg_place-76B,bw3200_xpt,3879693,1
734.vpr_r-jpeg_place-76B,bw3200_xpt_pythia,4933847,1
734.vpr_r-jpeg_place-76B,bw3200_normal,4012206,1
734.vpr_r-jpeg_place-76B,bw3200_normal_pythia,5140465,1
734.vpr_r-jpeg_route-49B,bw3200_nopf,4681409,1
734.vpr_r-jpeg_route-49B,bw3200_pythia,5516053,1
734.vpr_r-jpeg_route-49B,bw3200_xpt,4681980,1
734.vpr_r-jpeg_route-49B,bw3200_xpt_pythia,5656579,1
734.vpr_r-jpeg_route-49B,bw3200_normal,4691504,1
734.vpr_r-jpeg_route-49B,bw3200_normal_pythia,5957117,1
734.vpr_r-smithwaterman_place-213B,bw3200_nopf,1851413,1
734.vpr_r-smithwaterman_place-213B,bw3200_pythia,3191582,1
734.vpr_r-smithwaterman_place-213B,bw3200_xpt,1848439,1
734.vpr_r-smithwaterman_place-213B,bw3200_xpt_pythia,3191582,1
734.vpr_r-smithwaterman_place-213B,bw3200_normal,2146047,1
734.vpr_r-smithwaterman_place-213B,bw3200_normal_pythia,3385813,1
736.ocio_r-heavy_transform-65B,bw3200_nopf,4307853,1
736.ocio_r-heavy_transform-65B,bw3200_pythia,4308149,1
736.ocio_r-heavy_transform-65B,bw3200_xpt,4306852,1
736.ocio_r-heavy_transform-65B,bw3200_xpt_pythia,4322663,1
736.ocio_r-heavy_transform-65B,bw3200_normal,4306835,1
736.ocio_r-heavy_transform-65B,bw3200_normal_pythia,4369885,1
736.ocio_r-lut1d_halfdom-43B,bw3200_nopf,5674356,1
736.ocio_r-lut1d_halfdom-43B,bw3200_pythia,5684671,1
736.ocio_r-lut1d_halfdom-43B,bw3200_xpt,5672308,1
736.ocio_r-lut1d_halfdom-43B,bw3200_xpt_pythia,5685131,1
736.ocio_r-lut1d_halfdom-43B,bw3200_normal,5672309,1
736.ocio_r-lut1d_halfdom-43B,bw3200_normal_pythia,5701621,1
736.ocio_r-lut1d_halfdom-6B,bw3200_nopf,6923860,1
736.ocio_r-lut1d_halfdom-6B,bw3200_pythia,6931863,1
736.ocio_r-lut1d_halfdom-6B,bw3200_xpt,6919764,1
736.ocio_r-lut1d_halfdom-6B,bw3200_xpt_pythia,6937029,1
736.ocio_r-lut1d_halfdom-6B,bw3200_normal,6919767,1
736.ocio_r-lut1d_halfdom-6B,bw3200_normal_pythia,7024023,1
736.ocio_r-mntr_srgb_8k-35B,bw3200_nopf,8490868,1
736.ocio_r-mntr_srgb_8k-35B,bw3200_pythia,8491661,1
736.ocio_r-mntr_srgb_8k-35B,bw3200_xpt,8490868,1
736.ocio_r-mntr_srgb_8k-35B,bw3200_xpt_pythia,8767743,1
736.ocio_r-mntr_srgb_8k-35B,bw3200_normal,8490930,1
736.ocio_r-mntr_srgb_8k-35B,bw3200_normal_pythia,9053357,1
737.gmsh_r-choi-225B,bw3200_nopf,2737478,1
737.gmsh_r-choi-225B,bw3200_pythia,4564179,1
737.gmsh_r-choi-225B,bw3200_xpt,2724844,1
737.gmsh_r-choi-225B,bw3200_xpt_pythia,4550878,1
737.gmsh_r-choi-225B,bw3200_normal,3007689,1
737.gmsh_r-choi-225B,bw3200_normal_pythia,4922240,1
737.gmsh_r-gasdis-121B,bw3200_nopf,7453552,1
737.gmsh_r-gasdis-121B,bw3200_pythia,7825985,1
737.gmsh_r-gasdis-121B,bw3200_xpt,7480023,1
737.gmsh_r-gasdis-121B,bw3200_xpt_pythia,8042559,1
737.gmsh_r-gasdis-121B,bw3200_normal,7529362,1
737.gmsh_r-gasdis-121B,bw3200_normal_pythia,8253796,1
737.gmsh_r-gasdis-149B,bw3200_nopf,2454723,1
737.gmsh_r-gasdis-149B,bw3200_pythia,3722010,1
737.gmsh_r-gasdis-149B,bw3200_xpt,2454641,1
737.gmsh_r-gasdis-149B,bw3200_xpt_pythia,3722010,1
737.gmsh_r-gasdis-149B,bw3200_normal,2936105,1
737.gmsh_r-gasdis-149B,bw3200_normal_pythia,3975852,1
737.gmsh_r-mediterranean-149B,bw3200_nopf,10618827,1
737.gmsh_r-mediterranean-149B,bw3200_pythia,10125686,1
737.gmsh_r-mediterranean-149B,bw3200_xpt,10476636,1
737.gmsh_r-mediterranean-149B,bw3200_xpt_pythia,10103358,1
737.gmsh_r-mediterranean-149B,bw3200_normal,10506240,1
737.gmsh_r-mediterranean-149B,bw3200_normal_pythia,10181714,1
737.gmsh_r-mediterranean-160B,bw3200_nopf,9919224,1
737.gmsh_r-mediterranean-160B,bw3200_pythia,9936890,1
737.gmsh_r-mediterranean-160B,bw3200_xpt,9754097,1
737.gmsh_r-mediterranean-160B,bw3200_xpt_pythia,9918447,1
737.gmsh_r-mediterranean-160B,bw3200_normal,9767315,1
737.gmsh_r-mediterranean-160B,bw3200_normal_pythia,10151724,1
737.gmsh_r-p19-70B,bw3200_nopf,1752517,1
737.gmsh_r-p19-70B,bw3200_pythia,2459154,1
737.gmsh_r-p19-70B,bw3200_xpt,1752481,1
737.gmsh_r-p19-70B,bw3200_xpt_pythia,2459154,1
737.gmsh_r-p19-70B,bw3200_normal,2014370,1
737.gmsh_r-p19-70B,bw3200_normal_pythia,2646878,1
737.gmsh_r-projection-6B,bw3200_nopf,20379023,1
737.gmsh_r-projection-6B,bw3200_pythia,30022874,1
737.gmsh_r-projection-6B,bw3200_xpt,20365318,1
737.gmsh_r-projection-6B,bw3200_xpt_pythia,30333051,1
737.gmsh_r-projection-6B,bw3200_normal,20838501,1
737.gmsh_r-projection-6B,bw3200_normal_pythia,39095619,1
737.gmsh_r-spec_hxt-26B,bw3200_nopf,9683917,1
737.gmsh_r-spec_hxt-26B,bw3200_pythia,13711504,1
737.gmsh_r-spec_hxt-26B,bw3200_xpt,9686452,1
737.gmsh_r-spec_hxt-26B,bw3200_xpt_pythia,13786178,1
737.gmsh_r-spec_hxt-26B,bw3200_normal,9902007,1
737.gmsh_r-spec_hxt-26B,bw3200_normal_pythia,14086923,1
737.gmsh_r-spec_hxt-62B,bw3200_nopf,2064836,1
737.gmsh_r-spec_hxt-62B,bw3200_pythia,2240887,1
737.gmsh_r-spec_hxt-62B,bw3200_xpt,2068299,1
737.gmsh_r-spec_hxt-62B,bw3200_xpt_pythia,2265071,1
737.gmsh_r-spec_hxt-62B,bw3200_normal,2085996,1
737.gmsh_r-spec_hxt-62B,bw3200_normal_pythia,2342803,1
737.gmsh_r-torus-33B,bw3200_nopf,10109707,1
737.gmsh_r-torus-33B,bw3200_pythia,14184433,1
737.gmsh_r-torus-33B,bw3200_xpt,10099471,1
737.gmsh_r-torus-33B,bw3200_xpt_pythia,14178890,1
737.gmsh_r-torus-33B,bw3200_normal,11110617,1
737.gmsh_r-torus-33B,bw3200_normal_pythia,15163947,1
737.gmsh_r-torus-74B,bw3200_nopf,1641578,1
737.gmsh_r-torus-74B,bw3200_pythia,2398465,1
737.gmsh_r-torus-74B,bw3200_xpt,1641555,1
737.gmsh_r-torus-74B,bw3200_xpt_pythia,2398465,1
737.gmsh_r-torus-74B,bw3200_normal,1868018,1
737.gmsh_r-torus-74B,bw3200_normal_pythia,2570913,1
749.fotonik3d_r-default-128B,bw3200_nopf,29468047,1
749.fotonik3d_r-default-128B,bw3200_pythia,33247766,1
749.fotonik3d_r-default-128B,bw3200_xpt,29495370,1
749.fotonik3d_r-default-128B,bw3200_xpt_pythia,33412808,1
749.fotonik3d_r-default-128B,bw3200_normal,29657117,1
749.fotonik3d_r-default-128B,bw3200_normal_pythia,34472460,1
749.fotonik3d_r-default-130B,bw3200_nopf,27776108,1
749.fotonik3d_r-default-130B,bw3200_pythia,33684242,1
749.fotonik3d_r-default-130B,bw3200_xpt,27807859,1
749.fotonik3d_r-default-130B,bw3200_xpt_pythia,33526219,1
749.fotonik3d_r-default-130B,bw3200_normal,28021651,1
749.fotonik3d_r-default-130B,bw3200_normal_pythia,34551994,1
749.fotonik3d_r-default-45B,bw3200_nopf,30450611,1
749.fotonik3d_r-default-45B,bw3200_pythia,36918174,1
749.fotonik3d_r-default-45B,bw3200_xpt,30506025,1
749.fotonik3d_r-default-45B,bw3200_xpt_pythia,37048470,1
749.fotonik3d_r-default-45B,bw3200_normal,30827238,1
749.fotonik3d_r-default-45B,bw3200_normal_pythia,38273708,1
749.fotonik3d_r-default-599B,bw3200_nopf,32561153,1
749.fotonik3d_r-default-599B,bw3200_pythia,39592024,1
749.fotonik3d_r-default-599B,bw3200_xpt,32620138,1
749.fotonik3d_r-default-599B,bw3200_xpt_pythia,39701455,1
749.fotonik3d_r-default-599B,bw3200_normal,32928319,1
749.fotonik3d_r-default-599B,bw3200_normal_pythia,41218656,1
749.fotonik3d_r-default-651B,bw3200_nopf,27934004,1
749.fotonik3d_r-default-651B,bw3200_pythia,33942159,1
749.fotonik3d_r-default-651B,bw3200_xpt,27970749,1
749.fotonik3d_r-default-651B,bw3200_xpt_pythia,33928819,1
749.fotonik3d_r-default-651B,bw3200_normal,28178604,1
749.fotonik3d_r-default-651B,bw3200_normal_pythia,34886737,1
765.roms_r-benchmark2-871B,bw3200_nopf,16025820,1
765.roms_r-benchmark2-871B,bw3200_pythia,16846300,1
765.roms_r-benchmark2-871B,bw3200_xpt,16118020,1
765.roms_r-benchmark2-871B,bw3200_xpt_pythia,17274436,1
765.roms_r-benchmark2-871B,bw3200_normal,16075236,1
765.roms_r-benchmark2-871B,bw3200_normal_pythia,18195432,1
765.roms_r-benchmark2-900B,bw3200_nopf,16227664,1
765.roms_r-benchmark2-900B,bw3200_pythia,16956471,1
765.roms_r-benchmark2-900B,bw3200_xpt,16317786,1
765.roms_r-benchmark2-900B,bw3200_xpt_pythia,17388405,1
765.roms_r-benchmark2-900B,bw3200_normal,16278710,1
765.roms_r-benchmark2-900B,bw3200_normal_pythia,18231855,1
765.roms_r-benchmark2-985B,bw3200_nopf,42365816,1
765.roms_r-benchmark2-985B,bw3200_pythia,49597116,1
765.roms_r-benchmark2-985B,bw3200_xpt,43275696,1
765.roms_r-benchmark2-985B,bw3200_xpt_pythia,51523184,1
765.roms_r-benchmark2-985B,bw3200_normal,44005940,1
765.roms_r-benchmark2-985B,bw3200_normal_pythia,53320605,1
800.pot3d_s-pot3d_n1-1067B,bw3200_nopf,79376268,1
800.pot3d_s-pot3d_n1-1067B,bw3200_pythia,82944139,1
800.pot3d_s-pot3d_n1-1067B,bw3200_xpt,79407939,1
800.pot3d_s-pot3d_n1-1067B,bw3200_xpt_pythia,86752162,1
800.pot3d_s-pot3d_n1-1067B,bw3200_normal,79599986,1
800.pot3d_s-pot3d_n1-1067B,bw3200_normal_pythia,87805380,1
800.pot3d_s-pot3d_n1-1519B,bw3200_nopf,79890963,1
800.pot3d_s-pot3d_n1-1519B,bw3200_pythia,81137324,1
800.pot3d_s-pot3d_n1-1519B,bw3200_xpt,79902359,1
800.pot3d_s-pot3d_n1-1519B,bw3200_xpt_pythia,84679754,1
800.pot3d_s-pot3d_n1-1519B,bw3200_normal,80080651,1
800.pot3d_s-pot3d_n1-1519B,bw3200_normal_pythia,86410415,1
800.pot3d_s-pot3d_n1-2026B,bw3200_nopf,74966533,1
800.pot3d_s-pot3d_n1-2026B,bw3200_pythia,76538814,1
800.pot3d_s-pot3d_n1-2026B,bw3200_xpt,74976267,1
800.pot3d_s-pot3d_n1-2026B,bw3200_xpt_pythia,81618243,1
800.pot3d_s-pot3d_n1-2026B,bw3200_normal,75101866,1
800.pot3d_s-pot3d_n1-2026B,bw3200_normal_pythia,81177155,1
800.pot3d_s-pot3d_n1-2544B,bw3200_nopf,72559597,1
800.pot3d_s-pot3d_n1-2544B,bw3200_pythia,74848305,1
800.pot3d_s-pot3d_n1-2544B,bw3200_xpt,72568898,1
800.pot3d_s-pot3d_n1-2544B,bw3200_xpt_pythia,78201093,1
800.pot3d_s-pot3d_n1-2544B,bw3200_normal,72691677,1
800.pot3d_s-pot3d_n1-2544B,bw3200_normal_pythia,80464199,1
809.cactus_s-shifted_gauge_wave-1690B,bw3200_nopf,1548667,1
809.cactus_s-shifted_gauge_wave-1690B,bw3200_pythia,1493424,1
809.cactus_s-shifted_gauge_wave-1690B,bw3200_xpt,1548648,1
809.cactus_s-shifted_gauge_wave-1690B,bw3200_xpt_pythia,1493424,1
809.cactus_s-shifted_gauge_wave-1690B,bw3200_normal,1590320,1
809.cactus_s-shifted_gauge_wave-1690B,bw3200_normal_pythia,1509574,1
809.cactus_s-shifted_gauge_wave-202B,bw3200_nopf,1997279,1
809.cactus_s-shifted_gauge_wave-202B,bw3200_pythia,1966320,1
809.cactus_s-shifted_gauge_wave-202B,bw3200_xpt,2032046,1
809.cactus_s-shifted_gauge_wave-202B,bw3200_xpt_pythia,1963159,1
809.cactus_s-shifted_gauge_wave-202B,bw3200_normal,2032950,1
809.cactus_s-shifted_gauge_wave-202B,bw3200_normal_pythia,1980623,1
809.cactus_s-shifted_gauge_wave-6972B,bw3200_nopf,1567177,1
809.cactus_s-shifted_gauge_wave-6972B,bw3200_pythia,1514615,1
809.cactus_s-shifted_gauge_wave-6972B,bw3200_xpt,1567161,1
809.cactus_s-shifted_gauge_wave-6972B,bw3200_xpt_pythia,1514615,1
809.cactus_s-shifted_gauge_wave-6972B,bw3200_normal,1612234,1
809.cactus_s-shifted_gauge_wave-6972B,bw3200_normal_pythia,1527712,1
811.tealeaf_s-default-15369B,bw3200_nopf,8044312,1
811.tealeaf_s-default-15369B,bw3200_pythia,8044487,1
811.tealeaf_s-default-15369B,bw3200_xpt,8043976,1
811.tealeaf_s-default-15369B,bw3200_xpt_pythia,8113318,1
811.tealeaf_s-default-15369B,bw3200_normal,8043983,1
811.tealeaf_s-default-15369B,bw3200_normal_pythia,8182643,1
811.tealeaf_s-default-16461B,bw3200_nopf,7199860,1
811.tealeaf_s-default-16461B,bw3200_pythia,7206602,1
811.tealeaf_s-default-16461B,bw3200_xpt,7199340,1
811.tealeaf_s-default-16461B,bw3200_xpt_pythia,7220711,1
811.tealeaf_s-default-16461B,bw3200_normal,7199377,1
811.tealeaf_s-default-16461B,bw3200_normal_pythia,7275603,1
811.tealeaf_s-default-33315B,bw3200_nopf,7436474,1
811.tealeaf_s-default-33315B,bw3200_pythia,7443271,1
811.tealeaf_s-default-33315B,bw3200_xpt,7435441,1
811.tealeaf_s-default-33315B,bw3200_xpt_pythia,7460574,1
811.tealeaf_s-default-33315B,bw3200_normal,7435639,1
811.tealeaf_s-default-33315B,bw3200_normal_pythia,7513833,1
811.tealeaf_s-default-34631B,bw3200_nopf,8211156,1
811.tealeaf_s-default-34631B,bw3200_pythia,8211481,1
811.tealeaf_s-default-34631B,bw3200_xpt,8210819,1
811.tealeaf_s-default-34631B,bw3200_xpt_pythia,8285401,1
811.tealeaf_s-default-34631B,bw3200_normal,8210814,1
811.tealeaf_s-default-34631B,bw3200_normal_pythia,8320829,1
811.tealeaf_s-default-35333B,bw3200_nopf,8883207,1
811.tealeaf_s-default-35333B,bw3200_pythia,8883646,1
811.tealeaf_s-default-35333B,bw3200_xpt,8882512,1
811.tealeaf_s-default-35333B,bw3200_xpt_pythia,9054736,1
811.tealeaf_s-default-35333B,bw3200_normal,8882528,1
811.tealeaf_s-default-35333B,bw3200_normal_pythia,9099423,1
820.cloverleaf_s-default-11714B,bw3200_nopf,16798053,1
820.cloverleaf_s-default-11714B,bw3200_pythia,15550093,1
820.cloverleaf_s-default-11714B,bw3200_xpt,16876422,1
820.cloverleaf_s-default-11714B,bw3200_xpt_pythia,15550093,1
820.cloverleaf_s-default-11714B,bw3200_normal,17055350,1
820.cloverleaf_s-default-11714B,bw3200_normal_pythia,15597694,1
820.cloverleaf_s-default-11785B,bw3200_nopf,6148501,1
820.cloverleaf_s-default-11785B,bw3200_pythia,6148498,1
820.cloverleaf_s-default-11785B,bw3200_xpt,6148504,1
820.cloverleaf_s-default-11785B,bw3200_xpt_pythia,6148498,1
820.cloverleaf_s-default-11785B,bw3200_normal,6148504,1
820.cloverleaf_s-default-11785B,bw3200_normal_pythia,6156088,1
820.cloverleaf_s-default-12184B,bw3200_nopf,5279304,1
820.cloverleaf_s-default-12184B,bw3200_pythia,5138846,1
820.cloverleaf_s-default-12184B,bw3200_xpt,5313624,1
820.cloverleaf_s-default-12184B,bw3200_xpt_pythia,5138846,1
820.cloverleaf_s-default-12184B,bw3200_normal,5286527,1
820.cloverleaf_s-default-12184B,bw3200_normal_pythia,5142060,1
820.cloverleaf_s-default-2345B,bw3200_nopf,25673394,1
820.cloverleaf_s-default-2345B,bw3200_pythia,24770109,1
820.cloverleaf_s-default-2345B,bw3200_xpt,27797060,1
820.cloverleaf_s-default-2345B,bw3200_xpt_pythia,25694649,1
820.cloverleaf_s-default-2345B,bw3200_normal,25907202,1
820.cloverleaf_s-default-2345B,bw3200_normal_pythia,25203679,1
821.gcc_s-lz4_0002-39B,bw3200_nopf,1885895,1
821.gcc_s-lz4_0002-39B,bw3200_pythia,3249994,1
821.gcc_s-lz4_0002-39B,bw3200_xpt,1890253,1
821.gcc_s-lz4_0002-39B,bw3200_xpt_pythia,3247992,1
821.gcc_s-lz4_0002-39B,bw3200_normal,2083057,1
821.gcc_s-lz4_0002-39B,bw3200_normal_pythia,3425843,1
821.gcc_s-lz4hc_0007-10B,bw3200_nopf,3017988,1
821.gcc_s-lz4hc_0007-10B,bw3200_pythia,4264434,1
821.gcc_s-lz4hc_0007-10B,bw3200_xpt,3023888,1
821.gcc_s-lz4hc_0007-10B,bw3200_xpt_pythia,4266194,1
821.gcc_s-lz4hc_0007-10B,bw3200_normal,3320190,1
821.gcc_s-lz4hc_0007-10B,bw3200_normal_pythia,4568199,1
821.gcc_s-lz4hc_0009-12B,bw3200_nopf,2088696,1
821.gcc_s-lz4hc_0009-12B,bw3200_pythia,3359635,1
821.gcc_s-lz4hc_0009-12B,bw3200_xpt,2094645,1
821.gcc_s-lz4hc_0009-12B,bw3200_xpt_pythia,3351958,1
821.gcc_s-lz4hc_0009-12B,bw3200_normal,2276409,1
821.gcc_s-lz4hc_0009-12B,bw3200_normal_pythia,3559913,1
821.gcc_s-lz4hc_0009-6B,bw3200_nopf,3750429,1
821.gcc_s-lz4hc_0009-6B,bw3200_pythia,5531442,1
821.gcc_s-lz4hc_0009-6B,bw3200_xpt,3747781,1
821.gcc_s-lz4hc_0009-6B,bw3200_xpt_pythia,5523625,1
821.gcc_s-lz4hc_0009-6B,bw3200_normal,4344458,1
821.gcc_s-lz4hc_0009-6B,bw3200_normal_pythia,6055967,1
821.gcc_s-lz4hc_0010-14B,bw3200_nopf,3861485,1
821.gcc_s-lz4hc_0010-14B,bw3200_pythia,5750970,1
821.gcc_s-lz4hc_0010-14B,bw3200_xpt,3858908,1
821.gcc_s-lz4hc_0010-14B,bw3200_xpt_pythia,5723413,1
821.gcc_s-lz4hc_0010-14B,bw3200_normal,4342439,1
821.gcc_s-lz4hc_0010-14B,bw3200_normal_pythia,6134692,1
821.gcc_s-lz4hc_0010-23B,bw3200_nopf,1789374,1
821.gcc_s-lz4hc_0010-23B,bw3200_pythia,2631161,1
821.gcc_s-lz4hc_0010-23B,bw3200_xpt,1791793,1
821.gcc_s-lz4hc_0010-23B,bw3200_xpt_pythia,2624598,1
821.gcc_s-lz4hc_0010-23B,bw3200_normal,1935533,1
821.gcc_s-lz4hc_0010-23B,bw3200_normal_pythia,2715631,1
821.gcc_s-lz4hc_0018-20B,bw3200_nopf,2190781,1
821.gcc_s-lz4hc_0018-20B,bw3200_pythia,3053445,1
821.gcc_s-lz4hc_0018-20B,bw3200_xpt,2196994,1
821.gcc_s-lz4hc_0018-20B,bw3200_xpt_pythia,3047910,1
821.gcc_s-lz4hc_0018-20B,bw3200_normal,2469479,1
821.gcc_s-lz4hc_0018-20B,bw3200_normal_pythia,3302970,1
821.gcc_s-lz4hc_0018-31B,bw3200_nopf,2212733,1
821.gcc_s-lz4hc_0018-31B,bw3200_pythia,2988217,1
821.gcc_s-lz4hc_0018-31B,bw3200_xpt,2216645,1
821.gcc_s-lz4hc_0018-31B,bw3200_xpt_pythia,2984203,1
821.gcc_s-lz4hc_0018-31B,bw3200_normal,2401199,1
821.gcc_s-lz4hc_0018-31B,bw3200_normal_pythia,3192706,1
821.gcc_s-unicodeobject_0006-1B,bw3200_nopf,1376454,1
821.gcc_s-unicodeobject_0006-1B,bw3200_pythia,1831858,1
821.gcc_s-unicodeobject_0006-1B,bw3200_xpt,1379928,1
821.gcc_s-unicodeobject_0006-1B,bw3200_xpt_pythia,1842633,1
821.gcc_s-unicodeobject_0006-1B,bw3200_normal,1453580,1
821.gcc_s-unicodeobject_0006-1B,bw3200_normal_pythia,1918234,1
821.gcc_s-unicodeobject_0015-26B,bw3200_nopf,1906187,1
821.gcc_s-unicodeobject_0015-26B,bw3200_pythia,3247384,1
821.gcc_s-unicodeobject_0015-26B,bw3200_xpt,1913753,1
821.gcc_s-unicodeobject_0015-26B,bw3200_xpt_pythia,3245267,1
821.gcc_s-unicodeobject_0015-26B,bw3200_normal,2090493,1
821.gcc_s-unicodeobject_0015-26B,bw3200_normal_pythia,3407828,1
822.palm_s-atmos-2602B,bw3200_nopf,2492303,1
822.palm_s-atmos-2602B,bw3200_pythia,2498473,1
822.palm_s-atmos-2602B,bw3200_xpt,2490873,1
822.palm_s-atmos-2602B,bw3200_xpt_pythia,2551419,1
822.palm_s-atmos-2602B,bw3200_normal,2490937,1
822.palm_s-atmos-2602B,bw3200_normal_pythia,2564249,1
822.palm_s-atmos-35579B,bw3200_nopf,2473287,1
822.palm_s-atmos-35579B,bw3200_pythia,2479115,1
822.palm_s-atmos-35579B,bw3200_xpt,2471934,1
822.palm_s-atmos-35579B,bw3200_xpt_pythia,2533113,1
822.palm_s-atmos-35579B,bw3200_normal,2471965,1
822.palm_s-atmos-35579B,bw3200_normal_pythia,2543963,1
822.palm_s-atmos-4359B,bw3200_nopf,2517611,1
822.palm_s-atmos-4359B,bw3200_pythia,2524096,1
822.palm_s-atmos-4359B,bw3200_xpt,2516115,1
822.palm_s-atmos-4359B,bw3200_xpt_pythia,2579316,1
822.palm_s-atmos-4359B,bw3200_normal,2516149,1
822.palm_s-atmos-4359B,bw3200_normal_pythia,2590328,1
822.palm_s-atmos-6227B,bw3200_nopf,2467805,1
822.palm_s-atmos-6227B,bw3200_pythia,2473727,1
822.palm_s-atmos-6227B,bw3200_xpt,2466437,1
822.palm_s-atmos-6227B,bw3200_xpt_pythia,2526839,1
822.palm_s-atmos-6227B,bw3200_normal,2466496,1
822.palm_s-atmos-6227B,bw3200_normal_pythia,2538277,1
823.llvm_s-dagcombiner_0002-14B,bw3200_nopf,1520183,1
823.llvm_s-dagcombiner_0002-14B,bw3200_pythia,2952504,1
823.llvm_s-dagcombiner_0002-14B,bw3200_xpt,1517960,1
823.llvm_s-dagcombiner_0002-14B,bw3200_xpt_pythia,2951353,1
823.llvm_s-dagcombiner_0002-14B,bw3200_normal,1629886,1
823.llvm_s-dagcombiner_0002-14B,bw3200_normal_pythia,3107730,1
823.llvm_s-dagcombiner_0002-4B,bw3200_nopf,4930605,1
823.llvm_s-dagcombiner_0002-4B,bw3200_pythia,7086798,1
823.llvm_s-dagcombiner_0002-4B,bw3200_xpt,4936897,1
823.llvm_s-dagcombiner_0002-4B,bw3200_xpt_pythia,7150507,1
823.llvm_s-dagcombiner_0002-4B,bw3200_normal,5182499,1
823.llvm_s-dagcombiner_0002-4B,bw3200_normal_pythia,7651325,1
823.llvm_s-dagcombiner_0006-4B,bw3200_nopf,4922077,1
823.llvm_s-dagcombiner_0006-4B,bw3200_pythia,7122857,1
823.llvm_s-dagcombiner_0006-4B,bw3200_xpt,4928385,1
823.llvm_s-dagcombiner_0006-4B,bw3200_xpt_pythia,7160204,1
823.llvm_s-dagcombiner_0006-4B,bw3200_normal,5168558,1
823.llvm_s-dagcombiner_0006-4B,bw3200_normal_pythia,7607071,1
823.llvm_s-etf_inst3_0005-11B,bw3200_nopf,3748412,1
823.llvm_s-etf_inst3_0005-11B,bw3200_pythia,5249970,1
823.llvm_s-etf_inst3_0005-11B,bw3200_xpt,3750522,1
823.llvm_s-etf_inst3_0005-11B,bw3200_xpt_pythia,5270381,1
823.llvm_s-etf_inst3_0005-11B,bw3200_normal,3883031,1
823.llvm_s-etf_inst3_0005-11B,bw3200_normal_pythia,5536084,1
823.llvm_s-etf_inst3_0005-17B,bw3200_nopf,1934811,1
823.llvm_s-etf_inst3_0005-17B,bw3200_pythia,2679077,1
823.llvm_s-etf_inst3_0005-17B,bw3200_xpt,1939267,1
823.llvm_s-etf_inst3_0005-17B,bw3200_xpt_pythia,2686556,1
823.llvm_s-etf_inst3_0005-17B,bw3200_normal,2009590,1
823.llvm_s-etf_inst3_0005-17B,bw3200_normal_pythia,2831831,1
823.llvm_s-etf_inst3_0011-10B,bw3200_nopf,1119518,1
823.llvm_s-etf_inst3_0011-10B,bw3200_pythia,1543668,1
823.llvm_s-etf_inst3_0011-10B,bw3200_xpt,1119525,1
823.llvm_s-etf_inst3_0011-10B,bw3200_xpt_pythia,1545991,1
823.llvm_s-etf_inst3_0011-10B,bw3200_normal,1146958,1
823.llvm_s-etf_inst3_0011-10B,bw3200_normal_pythia,1602070,1
823.llvm_s-etf_inst3_0011-14B,bw3200_nopf,2710702,1
823.llvm_s-etf_inst3_0011-14B,bw3200_pythia,4251923,1
823.llvm_s-etf_inst3_0011-14B,bw3200_xpt,2714479,1
823.llvm_s-etf_inst3_0011-14B,bw3200_xpt_pythia,4228439,1
823.llvm_s-etf_inst3_0011-14B,bw3200_normal,2849938,1
823.llvm_s-etf_inst3_0011-14B,bw3200_normal_pythia,4483748,1
823.llvm_s-etf_inst3_0011-8B,bw3200_nopf,6316925,1
823.llvm_s-etf_inst3_0011-8B,bw3200_pythia,8877635,1
823.llvm_s-etf_inst3_0011-8B,bw3200_xpt,6321889,1
823.llvm_s-etf_inst3_0011-8B,bw3200_xpt_pythia,8881239,1
823.llvm_s-etf_inst3_0011-8B,bw3200_normal,6555833,1
823.llvm_s-etf_inst3_0011-8B,bw3200_normal_pythia,9382475,1
823.llvm_s-generic_cpu_exec_6_0012-25B,bw3200_nopf,4545886,1
823.llvm_s-generic_cpu_exec_6_0012-25B,bw3200_pythia,6971520,1
823.llvm_s-generic_cpu_exec_6_0012-25B,bw3200_xpt,4554651,1
823.llvm_s-generic_cpu_exec_6_0012-25B,bw3200_xpt_pythia,6930624,1
823.llvm_s-generic_cpu_exec_6_0012-25B,bw3200_normal,4743729,1
823.llvm_s-generic_cpu_exec_6_0012-25B,bw3200_normal_pythia,7492096,1
823.llvm_s-grid_tools_0008-19B,bw3200_nopf,3244127,1
823.llvm_s-grid_tools_0008-19B,bw3200_pythia,4315256,1
823.llvm_s-grid_tools_0008-19B,bw3200_xpt,3246460,1
823.llvm_s-grid_tools_0008-19B,bw3200_xpt_pythia,4320341,1
823.llvm_s-grid_tools_0008-19B,bw3200_normal,3382615,1
823.llvm_s-grid_tools_0008-19B,bw3200_normal_pythia,4685313,1
823.llvm_s-grid_tools_dof_handlers_0009-11B,bw3200_nopf,3872696,1
823.llvm_s-grid_tools_dof_handlers_0009-11B,bw3200_pythia,5442704,1
823.llvm_s-grid_tools_dof_handlers_0009-11B,bw3200_xpt,3876270,1
823.llvm_s-grid_tools_dof_handlers_0009-11B,bw3200_xpt_pythia,5431610,1
823.llvm_s-grid_tools_dof_handlers_0009-11B,bw3200_normal,3986820,1
823.llvm_s-grid_tools_dof_handlers_0009-11B,bw3200_normal_pythia,5907152,1
823.llvm_s-insn_recog_0005-10B,bw3200_nopf,2369913,1
823.llvm_s-insn_recog_0005-10B,bw3200_pythia,3116700,1
823.llvm_s-insn_recog_0005-10B,bw3200_xpt,2371232,1
823.llvm_s-insn_recog_0005-10B,bw3200_xpt_pythia,3079605,1
823.llvm_s-insn_recog_0005-10B,bw3200_normal,2395382,1
823.llvm_s-insn_recog_0005-10B,bw3200_normal_pythia,3107577,1
823.llvm_s-insn_recog_0005-14B,bw3200_nopf,9044532,1
823.llvm_s-insn_recog_0005-14B,bw3200_pythia,12423165,1
823.llvm_s-insn_recog_0005-14B,bw3200_xpt,9045160,1
823.llvm_s-insn_recog_0005-14B,bw3200_xpt_pythia,12340889,1
823.llvm_s-insn_recog_0005-14B,bw3200_normal,9321459,1
823.llvm_s-insn_recog_0005-14B,bw3200_normal_pythia,13035874,1
823.llvm_s-insn_recog_0005-15B,bw3200_nopf,2326164,1
823.llvm_s-insn_recog_0005-15B,bw3200_pythia,2922803,1
823.llvm_s-insn_recog_0005-15B,bw3200_xpt,2326821,1
823.llvm_s-insn_recog_0005-15B,bw3200_xpt_pythia,2939698,1
823.llvm_s-insn_recog_0005-15B,bw3200_normal,2420864,1
823.llvm_s-insn_recog_0005-15B,bw3200_normal_pythia,3029933,1
823.llvm_s-insn_recog_0005-26B,bw3200_nopf,1166448,1
823.llvm_s-insn_recog_0005-26B,bw3200_pythia,1302666,1
823.llvm_s-insn_recog_0005-26B,bw3200_xpt,1167878,1
823.llvm_s-insn_recog_0005-26B,bw3200_xpt_pythia,1325578,1
823.llvm_s-insn_recog_0005-26B,bw3200_normal,1178168,1
823.llvm_s-insn_recog_0005-26B,bw3200_normal_pythia,1364832,1
823.llvm_s-inst_constrs_3_0017-27B,bw3200_nopf,1130329,1
823.llvm_s-inst_constrs_3_0017-27B,bw3200_pythia,1494146,1
823.llvm_s-inst_constrs_3_0017-27B,bw3200_xpt,1130929,1
823.llvm_s-inst_constrs_3_0017-27B,bw3200_xpt_pythia,1523450,1
823.llvm_s-inst_constrs_3_0017-27B,bw3200_normal,1150736,1
823.llvm_s-inst_constrs_3_0017-27B,bw3200_normal_pythia,1596397,1
823.llvm_s-inst_constrs_3_0017-35B,bw3200_nopf,1330927,1
823.llvm_s-inst_constrs_3_0017-35B,bw3200_pythia,1773168,1
823.llvm_s-inst_constrs_3_0017-35B,bw3200_xpt,1330966,1
823.llvm_s-inst_constrs_3_0017-35B,bw3200_xpt_pythia,1779622,1
823.llvm_s-inst_constrs_3_0017-35B,bw3200_normal,1362584,1
823.llvm_s-inst_constrs_3_0017-35B,bw3200_normal_pythia,1839813,1
823.llvm_s-matrix_free_0013-7B,bw3200_nopf,6956651,1
823.llvm_s-matrix_free_0013-7B,bw3200_pythia,9980223,1
823.llvm_s-matrix_free_0013-7B,bw3200_xpt,6962891,1
823.llvm_s-matrix_free_0013-7B,bw3200_xpt_pythia,10010490,1
823.llvm_s-matrix_free_0013-7B,bw3200_normal,7283226,1
823.llvm_s-matrix_free_0013-7B,bw3200_normal_pythia,10773885,1
823.llvm_s-matrix_free_0019-11B,bw3200_nopf,1350621,1
823.llvm_s-matrix_free_0019-11B,bw3200_pythia,2090391,1
823.llvm_s-matrix_free_0019-11B,bw3200_xpt,1351041,1
823.llvm_s-matrix_free_0019-11B,bw3200_xpt_pythia,2093293,1
823.llvm_s-matrix_free_0019-11B,bw3200_normal,1418459,1
823.llvm_s-matrix_free_0019-11B,bw3200_normal_pythia,2195813,1
823.llvm_s-matrix_free_0019-7B,bw3200_nopf,6670097,1
823.llvm_s-matrix_free_0019-7B,bw3200_pythia,9464931,1
823.llvm_s-matrix_free_0019-7B,bw3200_xpt,6675984,1
823.llvm_s-matrix_free_0019-7B,bw3200_xpt_pythia,9511833,1
823.llvm_s-matrix_free_0019-7B,bw3200_normal,6977720,1
823.llvm_s-matrix_free_0019-7B,bw3200_normal_pythia,10196684,1
823.llvm_s-modelsmodule_0004-24B,bw3200_nopf,1259907,1
823.llvm_s-modelsmodule_0004-24B,bw3200_pythia,1688631,1
823.llvm_s-modelsmodule_0004-24B,bw3200_xpt,1259961,1
823.llvm_s-modelsmodule_0004-24B,bw3200_xpt_pythia,1690010,1
823.llvm_s-modelsmodule_0004-24B,bw3200_normal,1280937,1
823.llvm_s-modelsmodule_0004-24B,bw3200_normal_pythia,1806447,1
823.llvm_s-modelsmodule_0010-23B,bw3200_nopf,1348925,1
823.llvm_s-modelsmodule_0010-23B,bw3200_pythia,1861849,1
823.llvm_s-modelsmodule_0010-23B,bw3200_xpt,1348991,1
823.llvm_s-modelsmodule_0010-23B,bw3200_xpt_pythia,1866265,1
823.llvm_s-modelsmodule_0010-23B,bw3200_normal,1394555,1
823.llvm_s-modelsmodule_0010-23B,bw3200_normal_pythia,1984396,1
823.llvm_s-particle_handler_0015-13B,bw3200_nopf,1336895,1
823.llvm_s-particle_handler_0015-13B,bw3200_pythia,1631036,1
823.llvm_s-particle_handler_0015-13B,bw3200_xpt,1342045,1
823.llvm_s-particle_handler_0015-13B,bw3200_xpt_pythia,1658796,1
823.llvm_s-particle_handler_0015-13B,bw3200_normal,1385194,1
823.llvm_s-particle_handler_0015-13B,bw3200_normal_pythia,1792346,1
823.llvm_s-particle_handler_0015-5B,bw3200_nopf,1678008,1
823.llvm_s-particle_handler_0015-5B,bw3200_pythia,2482208,1
823.llvm_s-particle_handler_0015-5B,bw3200_xpt,1680584,1
823.llvm_s-particle_handler_0015-5B,bw3200_xpt_pythia,2508788,1
823.llvm_s-particle_handler_0015-5B,bw3200_normal,1739058,1
823.llvm_s-particle_handler_0015-5B,bw3200_normal_pythia,2681687,1
823.llvm_s-particle_handler_0018-13B,bw3200_nopf,1191958,1
823.llvm_s-particle_handler_0018-13B,bw3200_pythia,1540232,1
823.llvm_s-particle_handler_0018-13B,bw3200_xpt,1195647,1
823.llvm_s-particle_handler_0018-13B,bw3200_xpt_pythia,1533852,1
823.llvm_s-particle_handler_0018-13B,bw3200_normal,1239375,1
823.llvm_s-particle_handler_0018-13B,bw3200_normal_pythia,1674569,1
823.llvm_s-particle_handler_0018-5B,bw3200_nopf,1668789,1
823.llvm_s-particle_handler_0018-5B,bw3200_pythia,2454143,1
823.llvm_s-particle_handler_0018-5B,bw3200_xpt,1671255,1
823.llvm_s-particle_handler_0018-5B,bw3200_xpt_pythia,2463484,1
823.llvm_s-particle_handler_0018-5B,bw3200_normal,1728871,1
823.llvm_s-particle_handler_0018-5B,bw3200_normal_pythia,2673970,1
823.llvm_s-particle_handler_0018-8B,bw3200_nopf,5819358,1
823.llvm_s-particle_handler_0018-8B,bw3200_pythia,8741952,1
823.llvm_s-particle_handler_0018-8B,bw3200_xpt,5830638,1
823.llvm_s-particle_handler_0018-8B,bw3200_xpt_pythia,8777003,1
823.llvm_s-particle_handler_0018-8B,bw3200_normal,6241488,1
823.llvm_s-particle_handler_0018-8B,bw3200_normal_pythia,9595643,1
823.llvm_s-passbuilderpipelines_0003-2B,bw3200_nopf,3561519,1
823.llvm_s-passbuilderpipelines_0003-2B,bw3200_pythia,5389201,1
823.llvm_s-passbuilderpipelines_0003-2B,bw3200_xpt,3572579,1
823.llvm_s-passbuilderpipelines_0003-2B,bw3200_xpt_pythia,5395245,1
823.llvm_s-passbuilderpipelines_0003-2B,bw3200_normal,3833593,1
823.llvm_s-passbuilderpipelines_0003-2B,bw3200_normal_pythia,5855196,1
823.llvm_s-selectiondagbuilder_0007-4B,bw3200_nopf,3296575,1
823.llvm_s-selectiondagbuilder_0007-4B,bw3200_pythia,5318899,1
823.llvm_s-selectiondagbuilder_0007-4B,bw3200_xpt,3302196,1
823.llvm_s-selectiondagbuilder_0007-4B,bw3200_xpt_pythia,5269234,1
823.llvm_s-selectiondagbuilder_0007-4B,bw3200_normal,3561102,1
823.llvm_s-selectiondagbuilder_0007-4B,bw3200_normal_pythia,5774235,1
823.llvm_s-standardinstrumentations_0014-2B,bw3200_nopf,3137846,1
823.llvm_s-standardinstrumentations_0014-2B,bw3200_pythia,4552649,1
823.llvm_s-standardinstrumentations_0014-2B,bw3200_xpt,3147283,1
823.llvm_s-standardinstrumentations_0014-2B,bw3200_xpt_pythia,4562510,1
823.llvm_s-standardinstrumentations_0014-2B,bw3200_normal,3335342,1
823.llvm_s-standardinstrumentations_0014-2B,bw3200_normal_pythia,4927000,1
829.abc_s-bitcoin-289B,bw3200_nopf,3255211,1
829.abc_s-bitcoin-289B,bw3200_pythia,3265082,1
829.abc_s-bitcoin-289B,bw3200_xpt,3255212,1
829.abc_s-bitcoin-289B,bw3200_xpt_pythia,3265082,1
829.abc_s-bitcoin-289B,bw3200_normal,3255211,1
829.abc_s-bitcoin-289B,bw3200_normal_pythia,3283108,1
829.abc_s-bitcoin-359B,bw3200_nopf,11819952,1
829.abc_s-bitcoin-359B,bw3200_pythia,12253218,1
829.abc_s-bitcoin-359B,bw3200_xpt,11819954,1
829.abc_s-bitcoin-359B,bw3200_xpt_pythia,12253543,1
829.abc_s-bitcoin-359B,bw3200_normal,11819994,1
829.abc_s-bitcoin-359B,bw3200_normal_pythia,12279856,1
829.abc_s-bitcoin-645B,bw3200_nopf,2006034,1
829.abc_s-bitcoin-645B,bw3200_pythia,3065445,1
829.abc_s-bitcoin-645B,bw3200_xpt,2006397,1
829.abc_s-bitcoin-645B,bw3200_xpt_pythia,3098570,1
829.abc_s-bitcoin-645B,bw3200_normal,2102875,1
829.abc_s-bitcoin-645B,bw3200_normal_pythia,3290512,1
829.abc_s-bitcoin-750B,bw3200_nopf,3271831,1
829.abc_s-bitcoin-750B,bw3200_pythia,4989093,1
829.abc_s-bitcoin-750B,bw3200_xpt,3271831,1
829.abc_s-bitcoin-750B,bw3200_xpt_pythia,4989093,1
829.abc_s-bitcoin-750B,bw3200_normal,3276125,1
829.abc_s-bitcoin-750B,bw3200_normal_pythia,5026053,1
829.abc_s-ethernet_fraig-12B,bw3200_nopf,2115826,1
829.abc_s-ethernet_fraig-12B,bw3200_pythia,2595583,1
829.abc_s-ethernet_fraig-12B,bw3200_xpt,2118273,1
829.abc_s-ethernet_fraig-12B,bw3200_xpt_pythia,2594798,1
829.abc_s-ethernet_fraig-12B,bw3200_normal,2162257,1
829.abc_s-ethernet_fraig-12B,bw3200_normal_pythia,2668260,1
829.abc_s-ethernet_fraig-186B,bw3200_nopf,3076630,1
829.abc_s-ethernet_fraig-186B,bw3200_pythia,3982833,1
829.abc_s-ethernet_fraig-186B,bw3200_xpt,3078947,1
829.abc_s-ethernet_fraig-186B,bw3200_xpt_pythia,4032739,1
829.abc_s-ethernet_fraig-186B,bw3200_normal,3371692,1
829.abc_s-ethernet_fraig-186B,bw3200_normal_pythia,4229684,1
834.vpr_s-sparct1_place-411B,bw3200_nopf,2996197,1
834.vpr_s-sparct1_place-411B,bw3200_pythia,5304812,1
834.vpr_s-sparct1_place-411B,bw3200_xpt,2988013,1
834.vpr_s-sparct1_place-411B,bw3200_xpt_pythia,5303797,1
834.vpr_s-sparct1_place-411B,bw3200_normal,3505585,1
834.vpr_s-sparct1_place-411B,bw3200_normal_pythia,5754899,1
834.vpr_s-wb_conmax_place-461B,bw3200_nopf,7815898,1
834.vpr_s-wb_conmax_place-461B,bw3200_pythia,7815911,1
834.vpr_s-wb_conmax_place-461B,bw3200_xpt,7814875,1
834.vpr_s-wb_conmax_place-461B,bw3200_xpt_pythia,7816133,1
834.vpr_s-wb_conmax_place-461B,bw3200_normal,7814879,1
834.vpr_s-wb_conmax_place-461B,bw3200_normal_pythia,7909976,1
834.vpr_s-wb_conmax_route-461B,bw3200_nopf,7822401,1
834.vpr_s-wb_conmax_route-461B,bw3200_pythia,7822411,1
834.vpr_s-wb_conmax_route-461B,bw3200_xpt,7821381,1
834.vpr_s-wb_conmax_route-461B,bw3200_xpt_pythia,7822663,1
834.vpr_s-wb_conmax_route-461B,bw3200_normal,7821380,1
834.vpr_s-wb_conmax_route-461B,bw3200_normal_pythia,7916685,1
846.minizinc_s-yumi_dynamic-118B,bw3200_nopf,7312690,1
846.minizinc_s-yumi_dynamic-118B,bw3200_pythia,9178591,1
846.minizinc_s-yumi_dynamic-118B,bw3200_xpt,7323866,1
846.minizinc_s-yumi_dynamic-118B,bw3200_xpt_pythia,9182173,1
846.minizinc_s-yumi_dynamic-118B,bw3200_normal,7673003,1
846.minizinc_s-yumi_dynamic-118B,bw3200_normal_pythia,9715297,1
846.minizinc_s-yumi_dynamic-119B,bw3200_nopf,6778873,1
846.minizinc_s-yumi_dynamic-119B,bw3200_pythia,8656381,1
846.minizinc_s-yumi_dynamic-119B,bw3200_xpt,6781763,1
846.minizinc_s-yumi_dynamic-119B,bw3200_xpt_pythia,8660648,1
846.minizinc_s-yumi_dynamic-119B,bw3200_normal,7116175,1
846.minizinc_s-yumi_dynamic-119B,bw3200_normal_pythia,9183311,1
846.minizinc_s-yumi_dynamic-256B,bw3200_nopf,6086151,1
846.minizinc_s-yumi_dynamic-256B,bw3200_pythia,8954693,1
846.minizinc_s-yumi_dynamic-256B,bw3200_xpt,6104693,1
846.minizinc_s-yumi_dynamic-256B,bw3200_xpt_pythia,8938859,1
846.minizinc_s-yumi_dynamic-256B,bw3200_normal,6432915,1
846.minizinc_s-yumi_dynamic-256B,bw3200_normal_pythia,9247337,1
846.minizinc_s-yumi_dynamic-40B,bw3200_nopf,3171399,1
846.minizinc_s-yumi_dynamic-40B,bw3200_pythia,5788465,1
846.minizinc_s-yumi_dynamic-40B,bw3200_xpt,3153521,1
846.minizinc_s-yumi_dynamic-40B,bw3200_xpt_pythia,5733455,1
846.minizinc_s-yumi_dynamic-40B,bw3200_normal,3586744,1
846.minizinc_s-yumi_dynamic-40B,bw3200_normal_pythia,6221305,1
849.fotonik3d_s-default-11846B,bw3200_nopf,15834627,1
849.fotonik3d_s-default-11846B,bw3200_pythia,16488408,1
849.fotonik3d_s-default-11846B,bw3200_xpt,15834360,1
849.fotonik3d_s-default-11846B,bw3200_xpt_pythia,16488408,1
849.fotonik3d_s-default-11846B,bw3200_normal,15834355,1
849.fotonik3d_s-default-11846B,bw3200_normal_pythia,16833644,1
849.fotonik3d_s-default-1927B,bw3200_nopf,20766674,1
849.fotonik3d_s-default-1927B,bw3200_pythia,20783007,1
849.fotonik3d_s-default-1927B,bw3200_xpt,20766683,1
849.fotonik3d_s-default-1927B,bw3200_xpt_pythia,20840289,1
849.fotonik3d_s-default-1927B,bw3200_normal,20766740,1
849.fotonik3d_s-default-1927B,bw3200_normal_pythia,20889575,1
849.fotonik3d_s-default-2571B,bw3200_nopf,12090054,1
849.fotonik3d_s-default-2571B,bw3200_pythia,12401403,1
849.fotonik3d_s-default-2571B,bw3200_xpt,12088391,1
849.fotonik3d_s-default-2571B,bw3200_xpt_pythia,12401403,1
849.fotonik3d_s-default-2571B,bw3200_normal,12088413,1
849.fotonik3d_s-default-2571B,bw3200_normal_pythia,12405838,1
849.fotonik3d_s-default-7623B,bw3200_nopf,20766673,1
849.fotonik3d_s-default-7623B,bw3200_pythia,20781574,1
849.fotonik3d_s-default-7623B,bw3200_xpt,20766683,1
849.fotonik3d_s-default-7623B,bw3200_xpt_pythia,20836060,1
849.fotonik3d_s-default-7623B,bw3200_normal,20766736,1
849.fotonik3d_s-default-7623B,bw3200_normal_pythia,20884986,1
853.ns3_s-tcp_validation-187B,bw3200_nopf,29278396,1
853.ns3_s-tcp_validation-187B,bw3200_pythia,38382164,1
853.ns3_s-tcp_validation-187B,bw3200_xpt,29810612,1
853.ns3_s-tcp_validation-187B,bw3200_xpt_pythia,39092855,1
853.ns3_s-tcp_validation-187B,bw3200_normal,31523983,1
853.ns3_s-tcp_validation-187B,bw3200_normal_pythia,40126085,1
854.graph500_s-bfs-1217B,bw3200_nopf,50058048,1
854.graph500_s-bfs-1217B,bw3200_pythia,88361631,1
854.graph500_s-bfs-1217B,bw3200_xpt,50061250,1
854.graph500_s-bfs-1217B,bw3200_xpt_pythia,88343855,1
854.graph500_s-bfs-1217B,bw3200_normal,58078691,1
854.graph500_s-bfs-1217B,bw3200_normal_pythia,89862232,1
854.graph500_s-bfs-3313B,bw3200_nopf,19661026,1
854.graph500_s-bfs-3313B,bw3200_pythia,30123365,1
854.graph500_s-bfs-3313B,bw3200_xpt,19662249,1
854.graph500_s-bfs-3313B,bw3200_xpt_pythia,30123365,1
854.graph500_s-bfs-3313B,bw3200_normal,22641054,1
854.graph500_s-bfs-3313B,bw3200_normal_pythia,34235540,1
865.roms_s-benchmark3-2365B,bw3200_nopf,23351872,1
865.roms_s-benchmark3-2365B,bw3200_pythia,27822764,1
865.roms_s-benchmark3-2365B,bw3200_xpt,23258007,1
865.roms_s-benchmark3-2365B,bw3200_xpt_pythia,28139535,1
865.roms_s-benchmark3-2365B,bw3200_normal,23443557,1
865.roms_s-benchmark3-2365B,bw3200_normal_pythia,28670218,1
865.roms_s-benchmark3-2540B,bw3200_nopf,77870839,1
865.roms_s-benchmark3-2540B,bw3200_pythia,79226660,1
865.roms_s-benchmark3-2540B,bw3200_xpt,77755941,1
865.roms_s-benchmark3-2540B,bw3200_xpt_pythia,83466410,1
865.roms_s-benchmark3-2540B,bw3200_normal,77813779,1
865.roms_s-benchmark3-2540B,bw3200_normal_pythia,88218670,1
865.roms_s-benchmark3-3753B,bw3200_nopf,6742707,1
865.roms_s-benchmark3-3753B,bw3200_pythia,6804842,1
865.roms_s-benchmark3-3753B,bw3200_xpt,6732057,1
865.roms_s-benchmark3-3753B,bw3200_xpt_pythia,6903650,1
865.roms_s-benchmark3-3753B,bw3200_normal,6732385,1
865.roms_s-benchmark3-3753B,bw3200_normal_pythia,7076466,1
865.roms_s-benchmark3-7363B,bw3200_nopf,27014655,1
865.roms_s-benchmark3-7363B,bw3200_pythia,36562858,1
865.roms_s-benchmark3-7363B,bw3200_xpt,27120375,1
865.roms_s-benchmark3-7363B,bw3200_xpt_pythia,37701116,1
865.roms_s-benchmark3-7363B,bw3200_normal,28474409,1
865.roms_s-benchmark3-7363B,bw3200_normal_pythia,39002744,1
867.nest_s-microcircuit-2574B,bw3200_nopf,17355517,1
867.nest_s-microcircuit-2574B,bw3200_pythia,26403127,1
867.nest_s-microcircuit-2574B,bw3200_xpt,17348440,1
867.nest_s-microcircuit-2574B,bw3200_xpt_pythia,26402715,1
867.nest_s-microcircuit-2574B,bw3200_normal,17719793,1
867.nest_s-microcircuit-2574B,bw3200_normal_pythia,26647092,1
867.nest_s-microcircuit-9846B,bw3200_nopf,15282691,1
867.nest_s-microcircuit-9846B,bw3200_pythia,19513390,1
867.nest_s-microcircuit-9846B,bw3200_xpt,15272429,1
867.nest_s-microcircuit-9846B,bw3200_xpt_pythia,19524381,1
867.nest_s-microcircuit-9846B,bw3200_normal,15452241,1
867.nest_s-microcircuit-9846B,bw3200_normal_pythia,19773644,1
881.neutron_s-rsbench_history-421B,bw3200_nopf,4281333,1
881.neutron_s-rsbench_history-421B,bw3200_pythia,5401357,1
881.neutron_s-rsbench_history-421B,bw3200_xpt,4281330,1
881.neutron_s-rsbench_history-421B,bw3200_xpt_pythia,5401357,1
881.neutron_s-rsbench_history-421B,bw3200_normal,4281930,1
881.neutron_s-rsbench_history-421B,bw3200_normal_pythia,5402384,1
881.neutron_s-xsbench_event_unionized-1137B,bw3200_nopf,1219371,1
881.neutron_s-xsbench_event_unionized-1137B,bw3200_pythia,1211769,1
881.neutron_s-xsbench_event_unionized-1137B,bw3200_xpt,1229702,1
881.neutron_s-xsbench_event_unionized-1137B,bw3200_xpt_pythia,1213729,1
881.neutron_s-xsbench_event_unionized-1137B,bw3200_normal,1222927,1
881.neutron_s-xsbench_event_unionized-1137B,bw3200_normal_pythia,1247646,1
