TraceName,ExpName,ipc,precision,recall,Filter
706.stockfish_r-pos_1to6_classical-1B,proj_nopf,0.3304,0,0,1
706.stockfish_r-pos_1to6_classical-1B,proj_pythia,0.3304,0,0,1
706.stockfish_r-pos_1to6_classical-1B,proj_normal,0.3304,NaN,NaN,1
706.stockfish_r-pos_1to6_classical-1B,proj_normal_pythia,0.3304,NaN,NaN,1
706.stockfish_r-pos_1to6_classical-1B,proj_xpt,0.3304,NaN,NaN,1
706.stockfish_r-pos_1to6_classical-1B,proj_xpt_pythia,0.3304,NaN,NaN,1
706.stockfish_r-pos_1to6_nnue-1B,proj_nopf,0.3304,0,0,1
706.stockfish_r-pos_1to6_nnue-1B,proj_pythia,0.3304,0,0,1
706.stockfish_r-pos_1to6_nnue-1B,proj_normal,0.3304,NaN,NaN,1
706.stockfish_r-pos_1to6_nnue-1B,proj_normal_pythia,0.3304,NaN,NaN,1
706.stockfish_r-pos_1to6_nnue-1B,proj_xpt,0.3304,NaN,NaN,1
706.stockfish_r-pos_1to6_nnue-1B,proj_xpt_pythia,0.3304,NaN,NaN,1
706.stockfish_r-pos_7to11_nnue-1B,proj_nopf,0.3304,0,0,1
706.stockfish_r-pos_7to11_nnue-1B,proj_pythia,0.3304,0,0,1
706.stockfish_r-pos_7to11_nnue-1B,proj_normal,0.3304,NaN,NaN,1
706.stockfish_r-pos_7to11_nnue-1B,proj_normal_pythia,0.3304,NaN,NaN,1
706.stockfish_r-pos_7to11_nnue-1B,proj_xpt,0.3304,NaN,NaN,1
706.stockfish_r-pos_7to11_nnue-1B,proj_xpt_pythia,0.3304,NaN,NaN,1
707.ntest_r-othello_154_20_16-1155B,proj_nopf,1.72323,0,0,1
707.ntest_r-othello_154_20_16-1155B,proj_pythia,1.72495,0,0,1
707.ntest_r-othello_154_20_16-1155B,proj_normal,1.72424,93.87,80.6,1
707.ntest_r-othello_154_20_16-1155B,proj_normal_pythia,1.72554,79.14,65.24,1
707.ntest_r-othello_154_20_16-1155B,proj_xpt,1.72324,97.83,0.39,1
707.ntest_r-othello_154_20_16-1155B,proj_xpt_pythia,1.72495,64.86,0.11,1
707.ntest_r-othello_154_20_16-1675B,proj_nopf,1.76698,0,0,1
707.ntest_r-othello_154_20_16-1675B,proj_pythia,1.76797,0,0,1
707.ntest_r-othello_154_20_16-1675B,proj_normal,1.76755,94.17,99.05,1
707.ntest_r-othello_154_20_16-1675B,proj_normal_pythia,1.76825,77.25,87.01,1
707.ntest_r-othello_154_20_16-1675B,proj_xpt,1.76698,100.0,0.11,1
707.ntest_r-othello_154_20_16-1675B,proj_xpt_pythia,1.76797,NaN,0.0,1
707.ntest_r-othello_154_20_16-1846B,proj_nopf,1.6694,0,0,1
707.ntest_r-othello_154_20_16-1846B,proj_pythia,1.6709,0,0,1
707.ntest_r-othello_154_20_16-1846B,proj_normal,1.67084,96.16,86.83,1
707.ntest_r-othello_154_20_16-1846B,proj_normal_pythia,1.67166,79.19,70.8,1
707.ntest_r-othello_154_20_16-1846B,proj_xpt,1.66941,100.0,0.27,1
707.ntest_r-othello_154_20_16-1846B,proj_xpt_pythia,1.6709,0.0,0.0,1
707.ntest_r-othello_154_20_16-680B,proj_nopf,1.75362,0,0,1
707.ntest_r-othello_154_20_16-680B,proj_pythia,1.75588,0,0,1
707.ntest_r-othello_154_20_16-680B,proj_normal,1.75502,86.05,89.76,1
707.ntest_r-othello_154_20_16-680B,proj_normal_pythia,1.75639,76.72,71.01,1
707.ntest_r-othello_154_20_16-680B,proj_xpt,1.75362,100.0,0.05,1
707.ntest_r-othello_154_20_16-680B,proj_xpt_pythia,1.75588,NaN,0.0,1
708.sqlite_r-cte_size2000-141B,proj_nopf,1.53353,0,0,1
708.sqlite_r-cte_size2000-141B,proj_pythia,1.53508,0,0,1
708.sqlite_r-cte_size2000-141B,proj_normal,1.53446,99.79,99.73,1
708.sqlite_r-cte_size2000-141B,proj_normal_pythia,1.53551,86.94,70.9,1
708.sqlite_r-cte_size2000-141B,proj_xpt,1.53385,100.0,35.49,1
708.sqlite_r-cte_size2000-141B,proj_xpt_pythia,1.53507,42.36,10.49,1
708.sqlite_r-cte_size2000-233B,proj_nopf,0.95908,0,0,1
708.sqlite_r-cte_size2000-233B,proj_pythia,1.8735,0,0,1
708.sqlite_r-cte_size2000-233B,proj_normal,1.08686,100.0,100.0,1
708.sqlite_r-cte_size2000-233B,proj_normal_pythia,1.88024,99.98,98.72,1
708.sqlite_r-cte_size2000-233B,proj_xpt,1.01779,100.0,49.96,1
708.sqlite_r-cte_size2000-233B,proj_xpt_pythia,1.8735,NaN,0.0,1
708.sqlite_r-cte_size2000-272B,proj_nopf,1.06501,0,0,1
708.sqlite_r-cte_size2000-272B,proj_pythia,1.07714,0,0,1
708.sqlite_r-cte_size2000-272B,proj_normal,1.06544,92.8,34.45,1
708.sqlite_r-cte_size2000-272B,proj_normal_pythia,1.07713,85.52,21.81,1
708.sqlite_r-cte_size2000-272B,proj_xpt,1.06501,100.0,0.0,1
708.sqlite_r-cte_size2000-272B,proj_xpt_pythia,1.07714,NaN,0.0,1
708.sqlite_r-cte_size2000-59B,proj_nopf,1.53236,0,0,1
708.sqlite_r-cte_size2000-59B,proj_pythia,1.53373,0,0,1
708.sqlite_r-cte_size2000-59B,proj_normal,1.53328,99.79,99.72,1
708.sqlite_r-cte_size2000-59B,proj_normal_pythia,1.53408,84.33,66.86,1
708.sqlite_r-cte_size2000-59B,proj_xpt,1.53285,99.61,46.88,1
708.sqlite_r-cte_size2000-59B,proj_xpt_pythia,1.53373,42.29,17.04,1
708.sqlite_r-fp_size1000-121B,proj_nopf,1.75282,0,0,1
708.sqlite_r-fp_size1000-121B,proj_pythia,1.76005,0,0,1
708.sqlite_r-fp_size1000-121B,proj_normal,1.75783,99.99,99.97,1
708.sqlite_r-fp_size1000-121B,proj_normal_pythia,1.76105,97.28,83.59,1
708.sqlite_r-fp_size1000-121B,proj_xpt,1.75462,99.99,49.87,1
708.sqlite_r-fp_size1000-121B,proj_xpt_pythia,1.76006,66.09,4.22,1
708.sqlite_r-fp_size1000-283B,proj_nopf,1.78173,0,0,1
708.sqlite_r-fp_size1000-283B,proj_pythia,1.79432,0,0,1
708.sqlite_r-fp_size1000-283B,proj_normal,1.79186,99.99,99.98,1
708.sqlite_r-fp_size1000-283B,proj_normal_pythia,1.79554,97.28,84.1,1
708.sqlite_r-fp_size1000-283B,proj_xpt,1.78631,100.0,49.9,1
708.sqlite_r-fp_size1000-283B,proj_xpt_pythia,1.79434,72.35,4.44,1
708.sqlite_r-fp_size1000-424B,proj_nopf,0.45542,0,0,1
708.sqlite_r-fp_size1000-424B,proj_pythia,0.53765,0,0,1
708.sqlite_r-fp_size1000-424B,proj_normal,0.50672,99.65,100.0,1
708.sqlite_r-fp_size1000-424B,proj_normal_pythia,0.58416,99.54,97.7,1
708.sqlite_r-fp_size1000-424B,proj_xpt,0.45542,NaN,0.0,1
708.sqlite_r-fp_size1000-424B,proj_xpt_pythia,0.53765,NaN,0.0,1
708.sqlite_r-fp_size1000-503B,proj_nopf,1.30884,0,0,1
708.sqlite_r-fp_size1000-503B,proj_pythia,1.44044,0,0,1
708.sqlite_r-fp_size1000-503B,proj_normal,1.36521,100.0,99.99,1
708.sqlite_r-fp_size1000-503B,proj_normal_pythia,1.44347,98.32,90.35,1
708.sqlite_r-fp_size1000-503B,proj_xpt,1.33747,100.0,49.93,1
708.sqlite_r-fp_size1000-503B,proj_xpt_pythia,1.44047,74.08,2.64,1
708.sqlite_r-main_size2000-136B,proj_nopf,0.83253,0,0,1
708.sqlite_r-main_size2000-136B,proj_pythia,0.87649,0,0,1
708.sqlite_r-main_size2000-136B,proj_normal,0.8709,93.6,95.82,1
708.sqlite_r-main_size2000-136B,proj_normal_pythia,0.89493,92.26,92.07,1
708.sqlite_r-main_size2000-136B,proj_xpt,0.83777,97.38,7.83,1
708.sqlite_r-main_size2000-136B,proj_xpt_pythia,0.87707,61.79,0.07,1
708.sqlite_r-main_size2000-327B,proj_nopf,1.55573,0,0,1
708.sqlite_r-main_size2000-327B,proj_pythia,1.68823,0,0,1
708.sqlite_r-main_size2000-327B,proj_normal,1.61045,97.67,98.52,1
708.sqlite_r-main_size2000-327B,proj_normal_pythia,1.69448,91.12,67.3,1
708.sqlite_r-main_size2000-327B,proj_xpt,1.56976,99.62,23.82,1
708.sqlite_r-main_size2000-327B,proj_xpt_pythia,1.68823,83.2,0.37,1
708.sqlite_r-main_size2000-499B,proj_nopf,1.06013,0,0,1
708.sqlite_r-main_size2000-499B,proj_pythia,1.08084,0,0,1
708.sqlite_r-main_size2000-499B,proj_normal,1.12051,89.32,95.52,1
708.sqlite_r-main_size2000-499B,proj_normal_pythia,1.13798,89.82,95.37,1
708.sqlite_r-main_size2000-499B,proj_xpt,1.06037,99.85,0.14,1
708.sqlite_r-main_size2000-499B,proj_xpt_pythia,1.08084,NaN,0.0,1
708.sqlite_r-main_size2000-556B,proj_nopf,1.06619,0,0,1
708.sqlite_r-main_size2000-556B,proj_pythia,1.08667,0,0,1
708.sqlite_r-main_size2000-556B,proj_normal,1.12624,89.18,95.44,1
708.sqlite_r-main_size2000-556B,proj_normal_pythia,1.1432,89.38,95.11,1
708.sqlite_r-main_size2000-556B,proj_xpt,1.06642,99.96,0.13,1
708.sqlite_r-main_size2000-556B,proj_xpt_pythia,1.08667,75.0,0.0,1
710.omnetpp_r-queuenet_allocdealloc-134B,proj_nopf,0.81087,0,0,1
710.omnetpp_r-queuenet_allocdealloc-134B,proj_pythia,0.81087,0,0,1
710.omnetpp_r-queuenet_allocdealloc-134B,proj_normal,0.81087,100.0,94.06,1
710.omnetpp_r-queuenet_allocdealloc-134B,proj_normal_pythia,0.81087,78.69,60.74,1
710.omnetpp_r-queuenet_allocdealloc-134B,proj_xpt,0.81087,100.0,6.35,1
710.omnetpp_r-queuenet_allocdealloc-134B,proj_xpt_pythia,0.81087,0.0,0.0,1
710.omnetpp_r-queuenet_allocdealloc-216B,proj_nopf,0.81219,0,0,1
710.omnetpp_r-queuenet_allocdealloc-216B,proj_pythia,0.81219,0,0,1
710.omnetpp_r-queuenet_allocdealloc-216B,proj_normal,0.81219,100.0,94.07,1
710.omnetpp_r-queuenet_allocdealloc-216B,proj_normal_pythia,0.81219,79.11,53.61,1
710.omnetpp_r-queuenet_allocdealloc-216B,proj_xpt,0.81219,100.0,6.12,1
710.omnetpp_r-queuenet_allocdealloc-216B,proj_xpt_pythia,0.81219,NaN,0.0,1
710.omnetpp_r-queuenet_allocdealloc-38B,proj_nopf,0.81,0,0,1
710.omnetpp_r-queuenet_allocdealloc-38B,proj_pythia,0.81,0,0,1
710.omnetpp_r-queuenet_allocdealloc-38B,proj_normal,0.81,100.0,93.82,1
710.omnetpp_r-queuenet_allocdealloc-38B,proj_normal_pythia,0.81,79.07,61.36,1
710.omnetpp_r-queuenet_allocdealloc-38B,proj_xpt,0.81,100.0,6.5,1
710.omnetpp_r-queuenet_allocdealloc-38B,proj_xpt_pythia,0.81,NaN,0.0,1
710.omnetpp_r-queuenet_callcenter-15B,proj_nopf,0.82087,0,0,1
710.omnetpp_r-queuenet_callcenter-15B,proj_pythia,0.82097,0,0,1
710.omnetpp_r-queuenet_callcenter-15B,proj_normal,0.82115,99.68,99.16,1
710.omnetpp_r-queuenet_callcenter-15B,proj_normal_pythia,0.8212,85.69,91.25,1
710.omnetpp_r-queuenet_callcenter-15B,proj_xpt,0.82087,96.67,0.23,1
710.omnetpp_r-queuenet_callcenter-15B,proj_xpt_pythia,0.82097,NaN,0.0,1
710.omnetpp_r-queuenet_forkjoin-141B,proj_nopf,0.86899,0,0,1
710.omnetpp_r-queuenet_forkjoin-141B,proj_pythia,0.86899,0,0,1
710.omnetpp_r-queuenet_forkjoin-141B,proj_normal,0.86899,100.0,95.1,1
710.omnetpp_r-queuenet_forkjoin-141B,proj_normal_pythia,0.86899,78.23,55.46,1
710.omnetpp_r-queuenet_forkjoin-141B,proj_xpt,0.86899,100.0,14.77,1
710.omnetpp_r-queuenet_forkjoin-141B,proj_xpt_pythia,0.86899,NaN,0.0,1
710.omnetpp_r-queuenet_forkjoin-27B,proj_nopf,0.86894,0,0,1
710.omnetpp_r-queuenet_forkjoin-27B,proj_pythia,0.86894,0,0,1
710.omnetpp_r-queuenet_forkjoin-27B,proj_normal,0.86894,100.0,95.25,1
710.omnetpp_r-queuenet_forkjoin-27B,proj_normal_pythia,0.86894,82.81,56.62,1
710.omnetpp_r-queuenet_forkjoin-27B,proj_xpt,0.86894,100.0,17.39,1
710.omnetpp_r-queuenet_forkjoin-27B,proj_xpt_pythia,0.86894,NaN,0.0,1
710.omnetpp_r-queuenet_forkjoin-86B,proj_nopf,0.87061,0,0,1
710.omnetpp_r-queuenet_forkjoin-86B,proj_pythia,0.87061,0,0,1
710.omnetpp_r-queuenet_forkjoin-86B,proj_normal,0.87061,100.0,95.19,1
710.omnetpp_r-queuenet_forkjoin-86B,proj_normal_pythia,0.87061,84.11,61.41,1
710.omnetpp_r-queuenet_forkjoin-86B,proj_xpt,0.87061,100.0,16.54,1
710.omnetpp_r-queuenet_forkjoin-86B,proj_xpt_pythia,0.87061,NaN,0.0,1
710.omnetpp_r-queuenet_forkjoin-92B,proj_nopf,0.87004,0,0,1
710.omnetpp_r-queuenet_forkjoin-92B,proj_pythia,0.87004,0,0,1
710.omnetpp_r-queuenet_forkjoin-92B,proj_normal,0.87004,100.0,95.25,1
710.omnetpp_r-queuenet_forkjoin-92B,proj_normal_pythia,0.87004,81.59,57.67,1
710.omnetpp_r-queuenet_forkjoin-92B,proj_xpt,0.87004,100.0,15.47,1
710.omnetpp_r-queuenet_forkjoin-92B,proj_xpt_pythia,0.87004,NaN,0.0,1
710.omnetpp_r-queuenet_onefifo-157B,proj_nopf,0.83265,0,0,1
710.omnetpp_r-queuenet_onefifo-157B,proj_pythia,0.83266,0,0,1
710.omnetpp_r-queuenet_onefifo-157B,proj_normal,0.83266,100.0,92.17,1
710.omnetpp_r-queuenet_onefifo-157B,proj_normal_pythia,0.83266,89.25,71.19,1
710.omnetpp_r-queuenet_onefifo-157B,proj_xpt,0.83265,100.0,16.45,1
710.omnetpp_r-queuenet_onefifo-157B,proj_xpt_pythia,0.83266,NaN,0.0,1
710.omnetpp_r-queuenet_onefifo-57B,proj_nopf,0.83516,0,0,1
710.omnetpp_r-queuenet_onefifo-57B,proj_pythia,0.83517,0,0,1
710.omnetpp_r-queuenet_onefifo-57B,proj_normal,0.83517,100.0,92.31,1
710.omnetpp_r-queuenet_onefifo-57B,proj_normal_pythia,0.83517,90.75,68.01,1
710.omnetpp_r-queuenet_onefifo-57B,proj_xpt,0.83517,100.0,17.78,1
710.omnetpp_r-queuenet_onefifo-57B,proj_xpt_pythia,0.83517,NaN,0.0,1
710.omnetpp_r-queuenet_resourcealloc-105B,proj_nopf,0.80281,0,0,1
710.omnetpp_r-queuenet_resourcealloc-105B,proj_pythia,0.80281,0,0,1
710.omnetpp_r-queuenet_resourcealloc-105B,proj_normal,0.80281,100.0,89.48,1
710.omnetpp_r-queuenet_resourcealloc-105B,proj_normal_pythia,0.80281,81.41,57.03,1
710.omnetpp_r-queuenet_resourcealloc-105B,proj_xpt,0.80281,100.0,5.88,1
710.omnetpp_r-queuenet_resourcealloc-105B,proj_xpt_pythia,0.80281,NaN,0.0,1
710.omnetpp_r-queuenet_resourcealloc-13B,proj_nopf,0.80222,0,0,1
710.omnetpp_r-queuenet_resourcealloc-13B,proj_pythia,0.80222,0,0,1
710.omnetpp_r-queuenet_resourcealloc-13B,proj_normal,0.80222,100.0,89.95,1
710.omnetpp_r-queuenet_resourcealloc-13B,proj_normal_pythia,0.80222,86.09,63.57,1
710.omnetpp_r-queuenet_resourcealloc-13B,proj_xpt,0.80222,100.0,5.75,1
710.omnetpp_r-queuenet_resourcealloc-13B,proj_xpt_pythia,0.80222,NaN,0.0,1
710.omnetpp_r-queuenet_ring-132B,proj_nopf,0.76601,0,0,1
710.omnetpp_r-queuenet_ring-132B,proj_pythia,0.76602,0,0,1
710.omnetpp_r-queuenet_ring-132B,proj_normal,0.76601,99.75,99.61,1
710.omnetpp_r-queuenet_ring-132B,proj_normal_pythia,0.76602,89.75,65.05,1
710.omnetpp_r-queuenet_ring-132B,proj_xpt,0.76601,40.86,29.79,1
710.omnetpp_r-queuenet_ring-132B,proj_xpt_pythia,0.76602,NaN,0.0,1
710.omnetpp_r-queuenet_ring-29B,proj_nopf,0.76753,0,0,1
710.omnetpp_r-queuenet_ring-29B,proj_pythia,0.76752,0,0,1
710.omnetpp_r-queuenet_ring-29B,proj_normal,0.76753,99.53,99.15,1
710.omnetpp_r-queuenet_ring-29B,proj_normal_pythia,0.76752,92.79,68.62,1
710.omnetpp_r-queuenet_ring-29B,proj_xpt,0.76753,31.35,28.82,1
710.omnetpp_r-queuenet_ring-29B,proj_xpt_pythia,0.76752,NaN,0.0,1
710.omnetpp_r-queuenet_ring-54B,proj_nopf,0.7658,0,0,1
710.omnetpp_r-queuenet_ring-54B,proj_pythia,0.7658,0,0,1
710.omnetpp_r-queuenet_ring-54B,proj_normal,0.7658,99.69,99.57,1
710.omnetpp_r-queuenet_ring-54B,proj_normal_pythia,0.7658,89.21,57.8,1
710.omnetpp_r-queuenet_ring-54B,proj_xpt,0.7658,37.24,30.17,1
710.omnetpp_r-queuenet_ring-54B,proj_xpt_pythia,0.7658,NaN,0.0,1
710.omnetpp_r-queuenet_smallcqn-27B,proj_nopf,0.76604,0,0,1
710.omnetpp_r-queuenet_smallcqn-27B,proj_pythia,0.76604,0,0,1
710.omnetpp_r-queuenet_smallcqn-27B,proj_normal,0.76604,100.0,86.32,1
710.omnetpp_r-queuenet_smallcqn-27B,proj_normal_pythia,0.76604,88.37,64.19,1
710.omnetpp_r-queuenet_smallcqn-27B,proj_xpt,0.76604,100.0,4.72,1
710.omnetpp_r-queuenet_smallcqn-27B,proj_xpt_pythia,0.76604,NaN,0.0,1
710.omnetpp_r-queuenet_smallcqn-35B,proj_nopf,0.76451,0,0,1
710.omnetpp_r-queuenet_smallcqn-35B,proj_pythia,0.76451,0,0,1
710.omnetpp_r-queuenet_smallcqn-35B,proj_normal,0.76451,100.0,86.22,1
710.omnetpp_r-queuenet_smallcqn-35B,proj_normal_pythia,0.76451,89.01,59.03,1
710.omnetpp_r-queuenet_smallcqn-35B,proj_xpt,0.76451,100.0,4.51,1
710.omnetpp_r-queuenet_smallcqn-35B,proj_xpt_pythia,0.76451,NaN,0.0,1
710.omnetpp_r-queuenet_smallcqn-59B,proj_nopf,0.76504,0,0,1
710.omnetpp_r-queuenet_smallcqn-59B,proj_pythia,0.76504,0,0,1
710.omnetpp_r-queuenet_smallcqn-59B,proj_normal,0.76504,100.0,85.48,1
710.omnetpp_r-queuenet_smallcqn-59B,proj_normal_pythia,0.76504,90.0,63.1,1
710.omnetpp_r-queuenet_smallcqn-59B,proj_xpt,0.76504,100.0,4.29,1
710.omnetpp_r-queuenet_smallcqn-59B,proj_xpt_pythia,0.76504,NaN,0.0,1
710.omnetpp_r-queuenet_tandemfifos-67B,proj_nopf,0.80103,0,0,1
710.omnetpp_r-queuenet_tandemfifos-67B,proj_pythia,0.80107,0,0,1
710.omnetpp_r-queuenet_tandemfifos-67B,proj_normal,0.80104,98.01,99.18,1
710.omnetpp_r-queuenet_tandemfifos-67B,proj_normal_pythia,0.80107,68.34,55.34,1
710.omnetpp_r-queuenet_tandemfifos-67B,proj_xpt,0.80103,68.57,0.59,1
710.omnetpp_r-queuenet_tandemfifos-67B,proj_xpt_pythia,0.80107,NaN,0.0,1
710.omnetpp_r-queuenet_tandemfifos-6B,proj_nopf,0.79987,0,0,1
710.omnetpp_r-queuenet_tandemfifos-6B,proj_pythia,0.79987,0,0,1
710.omnetpp_r-queuenet_tandemfifos-6B,proj_normal,0.79987,100.0,99.02,1
710.omnetpp_r-queuenet_tandemfifos-6B,proj_normal_pythia,0.79987,70.0,52.54,1
710.omnetpp_r-queuenet_tandemfifos-6B,proj_xpt,0.79987,100.0,19.49,1
710.omnetpp_r-queuenet_tandemfifos-6B,proj_xpt_pythia,0.79987,NaN,0.0,1
710.omnetpp_r-queuenet_terminal-15B,proj_nopf,0.81305,0,0,1
710.omnetpp_r-queuenet_terminal-15B,proj_pythia,0.81304,0,0,1
710.omnetpp_r-queuenet_terminal-15B,proj_normal,0.81326,99.78,99.4,1
710.omnetpp_r-queuenet_terminal-15B,proj_normal_pythia,0.8132,75.38,77.05,1
710.omnetpp_r-queuenet_terminal-15B,proj_xpt,0.81305,99.18,1.95,1
710.omnetpp_r-queuenet_terminal-15B,proj_xpt_pythia,0.81304,0.0,0.0,1
710.omnetpp_r-queuenet_terminal-34B,proj_nopf,0.81287,0,0,1
710.omnetpp_r-queuenet_terminal-34B,proj_pythia,0.81301,0,0,1
710.omnetpp_r-queuenet_terminal-34B,proj_normal,0.81308,99.7,99.42,1
710.omnetpp_r-queuenet_terminal-34B,proj_normal_pythia,0.81312,68.62,65.73,1
710.omnetpp_r-queuenet_terminal-34B,proj_xpt,0.81287,98.59,2.23,1
710.omnetpp_r-queuenet_terminal-34B,proj_xpt_pythia,0.81301,NaN,0.0,1
710.omnetpp_r-randommesh_general-279B,proj_nopf,0.6718,0,0,1
710.omnetpp_r-randommesh_general-279B,proj_pythia,0.65086,0,0,1
710.omnetpp_r-randommesh_general-279B,proj_normal,0.67819,78.49,43.99,1
710.omnetpp_r-randommesh_general-279B,proj_normal_pythia,0.65404,73.78,18.97,1
710.omnetpp_r-randommesh_general-279B,proj_xpt,0.6718,96.55,0.01,1
710.omnetpp_r-randommesh_general-279B,proj_xpt_pythia,0.65086,NaN,0.0,1
710.omnetpp_r-randommesh_general-95B,proj_nopf,0.6843,0,0,1
710.omnetpp_r-randommesh_general-95B,proj_pythia,0.65866,0,0,1
710.omnetpp_r-randommesh_general-95B,proj_normal,0.68992,77.83,41.54,1
710.omnetpp_r-randommesh_general-95B,proj_normal_pythia,0.66345,72.54,18.37,1
710.omnetpp_r-randommesh_general-95B,proj_xpt,0.68432,93.75,0.01,1
710.omnetpp_r-randommesh_general-95B,proj_xpt_pythia,0.65866,NaN,0.0,1
714.cpython_r-coreml_mobilenetv2-262B,proj_nopf,1.10439,0,0,1
714.cpython_r-coreml_mobilenetv2-262B,proj_pythia,1.10798,0,0,1
714.cpython_r-coreml_mobilenetv2-262B,proj_normal,1.1049,95.07,78.46,1
714.cpython_r-coreml_mobilenetv2-262B,proj_normal_pythia,1.10783,79.95,37.76,1
714.cpython_r-coreml_mobilenetv2-262B,proj_xpt,1.10467,95.91,39.03,1
714.cpython_r-coreml_mobilenetv2-262B,proj_xpt_pythia,1.10798,NaN,0.0,1
714.cpython_r-coreml_mobilenetv2-36B,proj_nopf,1.16149,0,0,1
714.cpython_r-coreml_mobilenetv2-36B,proj_pythia,1.16166,0,0,1
714.cpython_r-coreml_mobilenetv2-36B,proj_normal,1.1616,98.82,98.87,1
714.cpython_r-coreml_mobilenetv2-36B,proj_normal_pythia,1.16166,85.04,70.05,1
714.cpython_r-coreml_mobilenetv2-36B,proj_xpt,1.16156,100.0,44.39,1
714.cpython_r-coreml_mobilenetv2-36B,proj_xpt_pythia,1.16166,NaN,0.0,1
714.cpython_r-coreml_mobilenetv2-79B,proj_nopf,1.17653,0,0,1
714.cpython_r-coreml_mobilenetv2-79B,proj_pythia,1.17663,0,0,1
714.cpython_r-coreml_mobilenetv2-79B,proj_normal,1.17662,100.0,99.22,1
714.cpython_r-coreml_mobilenetv2-79B,proj_normal_pythia,1.17663,90.17,54.81,1
714.cpython_r-coreml_mobilenetv2-79B,proj_xpt,1.1766,100.0,44.76,1
714.cpython_r-coreml_mobilenetv2-79B,proj_xpt_pythia,1.17663,NaN,0.0,1
714.cpython_r-coreml_resnet50-591B,proj_nopf,1.17118,0,0,1
714.cpython_r-coreml_resnet50-591B,proj_pythia,1.17131,0,0,1
714.cpython_r-coreml_resnet50-591B,proj_normal,1.17127,100.0,99.14,1
714.cpython_r-coreml_resnet50-591B,proj_normal_pythia,1.17131,92.0,83.75,1
714.cpython_r-coreml_resnet50-591B,proj_xpt,1.17124,100.0,44.48,1
714.cpython_r-coreml_resnet50-591B,proj_xpt_pythia,1.17131,NaN,0.0,1
714.cpython_r-coreml_resnet50-67B,proj_nopf,1.17555,0,0,1
714.cpython_r-coreml_resnet50-67B,proj_pythia,1.17566,0,0,1
714.cpython_r-coreml_resnet50-67B,proj_normal,1.17565,100.0,99.13,1
714.cpython_r-coreml_resnet50-67B,proj_normal_pythia,1.17566,90.23,80.76,1
714.cpython_r-coreml_resnet50-67B,proj_xpt,1.17562,100.0,44.82,1
714.cpython_r-coreml_resnet50-67B,proj_xpt_pythia,1.17566,NaN,0.0,1
714.cpython_r-dna_bench-181B,proj_nopf,1.62757,0,0,1
714.cpython_r-dna_bench-181B,proj_pythia,1.62996,0,0,1
714.cpython_r-dna_bench-181B,proj_normal,1.62864,100.0,99.11,1
714.cpython_r-dna_bench-181B,proj_normal_pythia,1.62998,89.67,58.13,1
714.cpython_r-dna_bench-181B,proj_xpt,1.62811,100.0,47.79,1
714.cpython_r-dna_bench-181B,proj_xpt_pythia,1.62996,NaN,0.0,1
714.cpython_r-dna_bench-237B,proj_nopf,1.58305,0,0,1
714.cpython_r-dna_bench-237B,proj_pythia,1.58483,0,0,1
714.cpython_r-dna_bench-237B,proj_normal,1.58387,100.0,98.87,1
714.cpython_r-dna_bench-237B,proj_normal_pythia,1.58487,94.43,65.83,1
714.cpython_r-dna_bench-237B,proj_xpt,1.58346,100.0,46.69,1
714.cpython_r-dna_bench-237B,proj_xpt_pythia,1.58483,NaN,0.0,1
714.cpython_r-dna_bench-357B,proj_nopf,1.51314,0,0,1
714.cpython_r-dna_bench-357B,proj_pythia,1.51752,0,0,1
714.cpython_r-dna_bench-357B,proj_normal,1.51467,96.65,83.18,1
714.cpython_r-dna_bench-357B,proj_normal_pythia,1.51753,80.73,41.19,1
714.cpython_r-dna_bench-357B,proj_xpt,1.5138,83.26,41.42,1
714.cpython_r-dna_bench-357B,proj_xpt_pythia,1.51739,58.48,16.43,1
714.cpython_r-dna_bench-4B,proj_nopf,1.79251,0,0,1
714.cpython_r-dna_bench-4B,proj_pythia,1.79255,0,0,1
714.cpython_r-dna_bench-4B,proj_normal,1.79253,100.0,78.37,1
714.cpython_r-dna_bench-4B,proj_normal_pythia,1.79255,88.39,62.66,1
714.cpython_r-dna_bench-4B,proj_xpt,1.79252,100.0,14.18,1
714.cpython_r-dna_bench-4B,proj_xpt_pythia,1.79255,NaN,0.0,1
721.gcc_r-gcc_pp_O2_fpic-186B,proj_nopf,1.06509,0,0,1
721.gcc_r-gcc_pp_O2_fpic-186B,proj_pythia,1.09299,0,0,1
721.gcc_r-gcc_pp_O2_fpic-186B,proj_normal,1.07259,92.69,90.51,1
721.gcc_r-gcc_pp_O2_fpic-186B,proj_normal_pythia,1.09705,80.91,71.62,1
721.gcc_r-gcc_pp_O2_fpic-186B,proj_xpt,1.06691,97.92,24.45,1
721.gcc_r-gcc_pp_O2_fpic-186B,proj_xpt_pythia,1.09306,45.37,0.11,1
721.gcc_r-gcc_pp_O2_fpic-261B,proj_nopf,1.31049,0,0,1
721.gcc_r-gcc_pp_O2_fpic-261B,proj_pythia,1.31064,0,0,1
721.gcc_r-gcc_pp_O2_fpic-261B,proj_normal,1.31074,86.1,69.6,1
721.gcc_r-gcc_pp_O2_fpic-261B,proj_normal_pythia,1.31083,72.51,35.08,1
721.gcc_r-gcc_pp_O2_fpic-261B,proj_xpt,1.31051,90.82,16.83,1
721.gcc_r-gcc_pp_O2_fpic-261B,proj_xpt_pythia,1.31061,55.43,0.43,1
721.gcc_r-gcc_pp_O2_fpic-309B,proj_nopf,0.54223,0,0,1
721.gcc_r-gcc_pp_O2_fpic-309B,proj_pythia,0.65904,0,0,1
721.gcc_r-gcc_pp_O2_fpic-309B,proj_normal,0.57935,91.71,85.12,1
721.gcc_r-gcc_pp_O2_fpic-309B,proj_normal_pythia,0.67,76.22,43.22,1
721.gcc_r-gcc_pp_O2_fpic-309B,proj_xpt,0.55691,97.03,26.78,1
721.gcc_r-gcc_pp_O2_fpic-309B,proj_xpt_pythia,0.66305,51.09,0.8,1
721.gcc_r-ref32_O3_inline12000-113B,proj_nopf,0.30794,0,0,1
721.gcc_r-ref32_O3_inline12000-113B,proj_pythia,0.38182,0,0,1
721.gcc_r-ref32_O3_inline12000-113B,proj_normal,0.34398,93.5,98.66,1
721.gcc_r-ref32_O3_inline12000-113B,proj_normal_pythia,0.40798,86.23,82.47,1
721.gcc_r-ref32_O3_inline12000-113B,proj_xpt,0.31408,99.52,15.26,1
721.gcc_r-ref32_O3_inline12000-113B,proj_xpt_pythia,0.38162,55.96,0.35,1
721.gcc_r-ref32_O3_inline12000-390B,proj_nopf,0.32134,0,0,1
721.gcc_r-ref32_O3_inline12000-390B,proj_pythia,0.43248,0,0,1
721.gcc_r-ref32_O3_inline12000-390B,proj_normal,0.35993,96.89,98.37,1
721.gcc_r-ref32_O3_inline12000-390B,proj_normal_pythia,0.45256,83.63,67.92,1
721.gcc_r-ref32_O3_inline12000-390B,proj_xpt,0.33124,99.26,23.13,1
721.gcc_r-ref32_O3_inline12000-390B,proj_xpt_pythia,0.43592,55.79,1.16,1
721.gcc_r-ref32_O3_inline12000-41B,proj_nopf,0.56878,0,0,1
721.gcc_r-ref32_O3_inline12000-41B,proj_pythia,0.71525,0,0,1
721.gcc_r-ref32_O3_inline12000-41B,proj_normal,0.60448,94.42,94.12,1
721.gcc_r-ref32_O3_inline12000-41B,proj_normal_pythia,0.72144,83.71,55.63,1
721.gcc_r-ref32_O3_inline12000-41B,proj_xpt,0.58172,96.58,28.19,1
721.gcc_r-ref32_O3_inline12000-41B,proj_xpt_pythia,0.71594,66.06,3.45,1
721.gcc_r-ref32_O3_inline12000-51B,proj_nopf,0.93136,0,0,1
721.gcc_r-ref32_O3_inline12000-51B,proj_pythia,0.95651,0,0,1
721.gcc_r-ref32_O3_inline12000-51B,proj_normal,0.93587,84.87,46.65,1
721.gcc_r-ref32_O3_inline12000-51B,proj_normal_pythia,0.95787,76.73,23.6,1
721.gcc_r-ref32_O3_inline12000-51B,proj_xpt,0.93359,84.53,10.11,1
721.gcc_r-ref32_O3_inline12000-51B,proj_xpt_pythia,0.95811,59.93,0.84,1
723.llvm_r-codegen-232B,proj_nopf,1.14524,0,0,1
723.llvm_r-codegen-232B,proj_pythia,1.17107,0,0,1
723.llvm_r-codegen-232B,proj_normal,1.15638,84.93,71.24,1
723.llvm_r-codegen-232B,proj_normal_pythia,1.17711,77.33,50.62,1
723.llvm_r-codegen-232B,proj_xpt,1.14726,92.39,12.52,1
723.llvm_r-codegen-232B,proj_xpt_pythia,1.17129,80.07,4.79,1
723.llvm_r-codegen-250B,proj_nopf,1.20273,0,0,1
723.llvm_r-codegen-250B,proj_pythia,1.20428,0,0,1
723.llvm_r-codegen-250B,proj_normal,1.2066,85.24,66.48,1
723.llvm_r-codegen-250B,proj_normal_pythia,1.20664,74.34,48.48,1
723.llvm_r-codegen-250B,proj_xpt,1.20329,94.84,7.11,1
723.llvm_r-codegen-250B,proj_xpt_pythia,1.20448,68.17,1.6,1
723.llvm_r-codegen-388B,proj_nopf,0.56622,0,0,1
723.llvm_r-codegen-388B,proj_pythia,0.56752,0,0,1
723.llvm_r-codegen-388B,proj_normal,0.61891,98.82,97.7,1
723.llvm_r-codegen-388B,proj_normal_pythia,0.6188,90.94,88.07,1
723.llvm_r-codegen-388B,proj_xpt,0.56647,98.92,0.48,1
723.llvm_r-codegen-388B,proj_xpt_pythia,0.56754,74.01,0.15,1
723.llvm_r-transformsplus-17B,proj_nopf,1.15367,0,0,1
723.llvm_r-transformsplus-17B,proj_pythia,1.20142,0,0,1
723.llvm_r-transformsplus-17B,proj_normal,1.20257,97.89,98.66,1
723.llvm_r-transformsplus-17B,proj_normal_pythia,1.22236,72.86,60.67,1
723.llvm_r-transformsplus-17B,proj_xpt,1.16742,99.97,35.4,1
723.llvm_r-transformsplus-17B,proj_xpt_pythia,1.20402,39.47,6.01,1
723.llvm_r-transformsplus-236B,proj_nopf,1.28876,0,0,1
723.llvm_r-transformsplus-236B,proj_pythia,1.28255,0,0,1
723.llvm_r-transformsplus-236B,proj_normal,1.29176,91.13,78.05,1
723.llvm_r-transformsplus-236B,proj_normal_pythia,1.2841,75.82,54.7,1
723.llvm_r-transformsplus-236B,proj_xpt,1.28963,97.97,14.54,1
723.llvm_r-transformsplus-236B,proj_xpt_pythia,1.28219,47.72,1.33,1
723.llvm_r-transformsplus-499B,proj_nopf,1.1102,0,0,1
723.llvm_r-transformsplus-499B,proj_pythia,1.10032,0,0,1
723.llvm_r-transformsplus-499B,proj_normal,1.11467,91.44,82.11,1
723.llvm_r-transformsplus-499B,proj_normal_pythia,1.10397,77.54,63.17,1
723.llvm_r-transformsplus-499B,proj_xpt,1.11066,99.48,8.19,1
723.llvm_r-transformsplus-499B,proj_xpt_pythia,1.10047,17.05,0.13,1
727.cppcheck_r-738_diamond-320B,proj_nopf,1.44374,0,0,1
727.cppcheck_r-738_diamond-320B,proj_pythia,1.5477,0,0,1
727.cppcheck_r-738_diamond-320B,proj_normal,1.55846,99.72,98.82,1
727.cppcheck_r-738_diamond-320B,proj_normal_pythia,1.5713,91.58,62.7,1
727.cppcheck_r-738_diamond-320B,proj_xpt,1.46558,98.6,20.03,1
727.cppcheck_r-738_diamond-320B,proj_xpt_pythia,1.54771,0.0,0.0,1
727.cppcheck_r-738_diamond-4B,proj_nopf,1.30987,0,0,1
727.cppcheck_r-738_diamond-4B,proj_pythia,1.52555,0,0,1
727.cppcheck_r-738_diamond-4B,proj_normal,1.46525,99.67,99.71,1
727.cppcheck_r-738_diamond-4B,proj_normal_pythia,1.57143,91.83,69.1,1
727.cppcheck_r-738_diamond-4B,proj_xpt,1.32194,99.95,14.51,1
727.cppcheck_r-738_diamond-4B,proj_xpt_pythia,1.5251,53.85,0.0,1
727.cppcheck_r-738_diamond-63B,proj_nopf,1.43908,0,0,1
727.cppcheck_r-738_diamond-63B,proj_pythia,1.5404,0,0,1
727.cppcheck_r-738_diamond-63B,proj_normal,1.5525,99.69,98.91,1
727.cppcheck_r-738_diamond-63B,proj_normal_pythia,1.55674,88.52,57.93,1
727.cppcheck_r-738_diamond-63B,proj_xpt,1.46008,98.9,20.12,1
727.cppcheck_r-738_diamond-63B,proj_xpt_pythia,1.54049,54.71,0.63,1
727.cppcheck_r-747_dealii-154B,proj_nopf,1.2024,0,0,1
727.cppcheck_r-747_dealii-154B,proj_pythia,1.21134,0,0,1
727.cppcheck_r-747_dealii-154B,proj_normal,1.2088,98.84,95.19,1
727.cppcheck_r-747_dealii-154B,proj_normal_pythia,1.21217,78.87,42.55,1
727.cppcheck_r-747_dealii-154B,proj_xpt,1.20393,99.47,23.09,1
727.cppcheck_r-747_dealii-154B,proj_xpt_pythia,1.21179,29.39,0.12,1
727.cppcheck_r-747_dealii-218B,proj_nopf,0.74831,0,0,1
727.cppcheck_r-747_dealii-218B,proj_pythia,0.88083,0,0,1
727.cppcheck_r-747_dealii-218B,proj_normal,0.8673,99.75,99.6,1
727.cppcheck_r-747_dealii-218B,proj_normal_pythia,0.92937,89.51,75.98,1
727.cppcheck_r-747_dealii-218B,proj_xpt,0.77216,99.91,17.69,1
727.cppcheck_r-747_dealii-218B,proj_xpt_pythia,0.89964,88.55,1.42,1
727.cppcheck_r-747_dealii-21B,proj_nopf,0.76873,0,0,1
727.cppcheck_r-747_dealii-21B,proj_pythia,0.95865,0,0,1
727.cppcheck_r-747_dealii-21B,proj_normal,0.90308,99.66,99.73,1
727.cppcheck_r-747_dealii-21B,proj_normal_pythia,1.11383,91.73,74.94,1
727.cppcheck_r-747_dealii-21B,proj_xpt,0.78213,100.0,12.5,1
727.cppcheck_r-747_dealii-21B,proj_xpt_pythia,0.98261,68.07,4.12,1
727.cppcheck_r-747_dealii-3B,proj_nopf,0.59676,0,0,1
727.cppcheck_r-747_dealii-3B,proj_pythia,0.76693,0,0,1
727.cppcheck_r-747_dealii-3B,proj_normal,0.71329,98.36,99.31,1
727.cppcheck_r-747_dealii-3B,proj_normal_pythia,0.79603,93.68,82.87,1
727.cppcheck_r-747_dealii-3B,proj_xpt,0.60748,99.0,10.66,1
727.cppcheck_r-747_dealii-3B,proj_xpt_pythia,0.74317,93.27,2.37,1
727.cppcheck_r-770_7z-297B,proj_nopf,1.88168,0,0,1
727.cppcheck_r-770_7z-297B,proj_pythia,1.88299,0,0,1
727.cppcheck_r-770_7z-297B,proj_normal,1.88341,98.86,97.85,1
727.cppcheck_r-770_7z-297B,proj_normal_pythia,1.88397,84.51,88.58,1
727.cppcheck_r-770_7z-297B,proj_xpt,1.88178,100.0,4.3,1
727.cppcheck_r-770_7z-297B,proj_xpt_pythia,1.88299,29.41,0.03,1
727.cppcheck_r-770_7z-352B,proj_nopf,1.76861,0,0,1
727.cppcheck_r-770_7z-352B,proj_pythia,1.77699,0,0,1
727.cppcheck_r-770_7z-352B,proj_normal,1.77751,97.9,98.47,1
727.cppcheck_r-770_7z-352B,proj_normal_pythia,1.78152,82.55,86.8,1
727.cppcheck_r-770_7z-352B,proj_xpt,1.77011,99.95,10.76,1
727.cppcheck_r-770_7z-352B,proj_xpt_pythia,1.77741,38.68,0.09,1
727.cppcheck_r-770_7z-38B,proj_nopf,1.14416,0,0,1
727.cppcheck_r-770_7z-38B,proj_pythia,1.20226,0,0,1
727.cppcheck_r-770_7z-38B,proj_normal,1.26361,93.1,88.7,1
727.cppcheck_r-770_7z-38B,proj_normal_pythia,1.27548,91.99,68.85,1
727.cppcheck_r-770_7z-38B,proj_xpt,1.15501,95.1,12.5,1
727.cppcheck_r-770_7z-38B,proj_xpt_pythia,1.20226,NaN,0.0,1
727.cppcheck_r-770_7z-404B,proj_nopf,0.7816,0,0,1
727.cppcheck_r-770_7z-404B,proj_pythia,0.91369,0,0,1
727.cppcheck_r-770_7z-404B,proj_normal,0.83222,99.66,99.76,1
727.cppcheck_r-770_7z-404B,proj_normal_pythia,0.91017,86.17,82.01,1
727.cppcheck_r-770_7z-404B,proj_xpt,0.79697,99.97,18.0,1
727.cppcheck_r-770_7z-404B,proj_xpt_pythia,0.89024,57.03,2.02,1
727.cppcheck_r-770_7z-57B,proj_nopf,1.16855,0,0,1
727.cppcheck_r-770_7z-57B,proj_pythia,1.36188,0,0,1
727.cppcheck_r-770_7z-57B,proj_normal,1.29722,99.52,99.31,1
727.cppcheck_r-770_7z-57B,proj_normal_pythia,1.42905,91.83,69.02,1
727.cppcheck_r-770_7z-57B,proj_xpt,1.18269,99.93,15.53,1
727.cppcheck_r-770_7z-57B,proj_xpt_pythia,1.3579,60.0,0.02,1
729.abc_r-beem6_fraig-249B,proj_nopf,1.42995,0,0,1
729.abc_r-beem6_fraig-249B,proj_pythia,1.43614,0,0,1
729.abc_r-beem6_fraig-249B,proj_normal,1.43262,98.04,97.61,1
729.abc_r-beem6_fraig-249B,proj_normal_pythia,1.43616,83.04,56.4,1
729.abc_r-beem6_fraig-249B,proj_xpt,1.4311,95.36,39.97,1
729.abc_r-beem6_fraig-249B,proj_xpt_pythia,1.43613,49.85,3.31,1
729.abc_r-beem6_fraig-79B,proj_nopf,1.2924,0,0,1
729.abc_r-beem6_fraig-79B,proj_pythia,1.29371,0,0,1
729.abc_r-beem6_fraig-79B,proj_normal,1.29316,97.67,98.36,1
729.abc_r-beem6_fraig-79B,proj_normal_pythia,1.29387,79.21,68.01,1
729.abc_r-beem6_fraig-79B,proj_xpt,1.29261,98.71,22.22,1
729.abc_r-beem6_fraig-79B,proj_xpt_pythia,1.29372,54.02,2.63,1
729.abc_r-beem6_fraig-93B,proj_nopf,1.45518,0,0,1
729.abc_r-beem6_fraig-93B,proj_pythia,1.46289,0,0,1
729.abc_r-beem6_fraig-93B,proj_normal,1.45848,96.79,96.78,1
729.abc_r-beem6_fraig-93B,proj_normal_pythia,1.46392,82.72,65.28,1
729.abc_r-beem6_fraig-93B,proj_xpt,1.45631,93.89,36.09,1
729.abc_r-beem6_fraig-93B,proj_xpt_pythia,1.46244,41.14,2.85,1
729.abc_r-beem6_fraig-9B,proj_nopf,1.54254,0,0,1
729.abc_r-beem6_fraig-9B,proj_pythia,1.54434,0,0,1
729.abc_r-beem6_fraig-9B,proj_normal,1.54362,94.68,97.19,1
729.abc_r-beem6_fraig-9B,proj_normal_pythia,1.54468,75.05,65.75,1
729.abc_r-beem6_fraig-9B,proj_xpt,1.54259,100.0,13.31,1
729.abc_r-beem6_fraig-9B,proj_xpt_pythia,1.54435,65.98,2.53,1
729.abc_r-des_system90-103B,proj_nopf,0.62405,0,0,1
729.abc_r-des_system90-103B,proj_pythia,0.65539,0,0,1
729.abc_r-des_system90-103B,proj_normal,0.66117,94.42,99.94,1
729.abc_r-des_system90-103B,proj_normal_pythia,0.68892,91.31,98.21,1
729.abc_r-des_system90-103B,proj_xpt,0.62786,99.97,9.07,1
729.abc_r-des_system90-103B,proj_xpt_pythia,0.65554,77.85,0.02,1
729.abc_r-des_system90-32B,proj_nopf,0.71589,0,0,1
729.abc_r-des_system90-32B,proj_pythia,0.77307,0,0,1
729.abc_r-des_system90-32B,proj_normal,0.76094,87.01,96.99,1
729.abc_r-des_system90-32B,proj_normal_pythia,0.81238,85.69,92.75,1
729.abc_r-des_system90-32B,proj_xpt,0.72141,99.69,10.94,1
729.abc_r-des_system90-32B,proj_xpt_pythia,0.77315,57.22,0.46,1
729.abc_r-des_system90-75B,proj_nopf,0.66758,0,0,1
729.abc_r-des_system90-75B,proj_pythia,0.89735,0,0,1
729.abc_r-des_system90-75B,proj_normal,0.71514,99.74,99.75,1
729.abc_r-des_system90-75B,proj_normal_pythia,0.89528,86.8,86.06,1
729.abc_r-des_system90-75B,proj_xpt,0.68833,99.84,43.89,1
729.abc_r-des_system90-75B,proj_xpt_pythia,0.89277,69.08,25.7,1
729.abc_r-des_system90-77B,proj_nopf,0.9357,0,0,1
729.abc_r-des_system90-77B,proj_pythia,1.64838,0,0,1
729.abc_r-des_system90-77B,proj_normal,1.03006,99.99,99.99,1
729.abc_r-des_system90-77B,proj_normal_pythia,1.65751,84.64,46.93,1
729.abc_r-des_system90-77B,proj_xpt,0.97997,99.99,48.75,1
729.abc_r-des_system90-77B,proj_xpt_pythia,1.64878,25.96,0.06,1
729.abc_r-des_system90-88B,proj_nopf,1.11249,0,0,1
729.abc_r-des_system90-88B,proj_pythia,1.76867,0,0,1
729.abc_r-des_system90-88B,proj_normal,1.22936,99.99,99.99,1
729.abc_r-des_system90-88B,proj_normal_pythia,1.77643,85.23,62.65,1
729.abc_r-des_system90-88B,proj_xpt,1.1673,99.99,49.07,1
729.abc_r-des_system90-88B,proj_xpt_pythia,1.76873,25.54,0.07,1
729.abc_r-mcml-112B,proj_nopf,1.72367,0,0,1
729.abc_r-mcml-112B,proj_pythia,1.74443,0,0,1
729.abc_r-mcml-112B,proj_normal,1.73003,99.28,98.14,1
729.abc_r-mcml-112B,proj_normal_pythia,1.74553,84.0,67.21,1
729.abc_r-mcml-112B,proj_xpt,1.72687,99.83,26.93,1
729.abc_r-mcml-112B,proj_xpt_pythia,1.74493,54.54,1.69,1
729.abc_r-mcml-19B,proj_nopf,0.5038,0,0,1
729.abc_r-mcml-19B,proj_pythia,0.58593,0,0,1
729.abc_r-mcml-19B,proj_normal,0.54299,96.64,99.11,1
729.abc_r-mcml-19B,proj_normal_pythia,0.60546,90.42,88.17,1
729.abc_r-mcml-19B,proj_xpt,0.51635,99.49,27.41,1
729.abc_r-mcml-19B,proj_xpt_pythia,0.58438,73.16,13.12,1
729.abc_r-mcml-94B,proj_nopf,1.78233,0,0,1
729.abc_r-mcml-94B,proj_pythia,1.78409,0,0,1
729.abc_r-mcml-94B,proj_normal,1.78393,97.83,98.15,1
729.abc_r-mcml-94B,proj_normal_pythia,1.78465,76.35,69.57,1
729.abc_r-mcml-94B,proj_xpt,1.78274,99.98,22.53,1
729.abc_r-mcml-94B,proj_xpt_pythia,1.78411,44.21,2.44,1
729.abc_r-mem_ctrl-138B,proj_nopf,1.7457,0,0,1
729.abc_r-mem_ctrl-138B,proj_pythia,1.74667,0,0,1
729.abc_r-mem_ctrl-138B,proj_normal,1.74603,99.93,99.46,1
729.abc_r-mem_ctrl-138B,proj_normal_pythia,1.74668,70.32,64.32,1
729.abc_r-mem_ctrl-138B,proj_xpt,1.74577,99.91,21.92,1
729.abc_r-mem_ctrl-138B,proj_xpt_pythia,1.74663,52.43,1.21,1
729.abc_r-mem_ctrl-32B,proj_nopf,1.53284,0,0,1
729.abc_r-mem_ctrl-32B,proj_pythia,1.54125,0,0,1
729.abc_r-mem_ctrl-32B,proj_normal,1.53571,96.01,92.69,1
729.abc_r-mem_ctrl-32B,proj_normal_pythia,1.54151,81.76,55.89,1
729.abc_r-mem_ctrl-32B,proj_xpt,1.5341,92.83,39.16,1
729.abc_r-mem_ctrl-32B,proj_xpt_pythia,1.54118,32.57,2.17,1
729.abc_r-mem_ctrl-37B,proj_nopf,1.42659,0,0,1
729.abc_r-mem_ctrl-37B,proj_pythia,1.4306,0,0,1
729.abc_r-mem_ctrl-37B,proj_normal,1.42763,96.88,82.23,1
729.abc_r-mem_ctrl-37B,proj_normal_pythia,1.43163,78.87,43.02,1
729.abc_r-mem_ctrl-37B,proj_xpt,1.42697,96.16,34.73,1
729.abc_r-mem_ctrl-37B,proj_xpt_pythia,1.4306,82.45,2.54,1
729.abc_r-mem_ctrl-91B,proj_nopf,1.72828,0,0,1
729.abc_r-mem_ctrl-91B,proj_pythia,1.72907,0,0,1
729.abc_r-mem_ctrl-91B,proj_normal,1.72855,100.0,98.66,1
729.abc_r-mem_ctrl-91B,proj_normal_pythia,1.72911,73.64,66.1,1
729.abc_r-mem_ctrl-91B,proj_xpt,1.72832,100.0,16.04,1
729.abc_r-mem_ctrl-91B,proj_xpt_pythia,1.72907,42.86,0.14,1
729.abc_r-mem_ctrl-93B,proj_nopf,1.77615,0,0,1
729.abc_r-mem_ctrl-93B,proj_pythia,1.77691,0,0,1
729.abc_r-mem_ctrl-93B,proj_normal,1.77639,100.0,98.67,1
729.abc_r-mem_ctrl-93B,proj_normal_pythia,1.77693,68.5,55.6,1
729.abc_r-mem_ctrl-93B,proj_xpt,1.77621,100.0,17.5,1
729.abc_r-mem_ctrl-93B,proj_xpt_pythia,1.77691,24.32,0.54,1
729.abc_r-twoexact-20B,proj_nopf,1.77372,0,0,1
729.abc_r-twoexact-20B,proj_pythia,1.77283,0,0,1
729.abc_r-twoexact-20B,proj_normal,1.77412,87.41,51.38,1
729.abc_r-twoexact-20B,proj_normal_pythia,1.77296,70.21,23.17,1
729.abc_r-twoexact-20B,proj_xpt,1.77374,94.6,0.68,1
729.abc_r-twoexact-20B,proj_xpt_pythia,1.77283,70.37,0.05,1
729.abc_r-twoexact-30B,proj_nopf,1.63011,0,0,1
729.abc_r-twoexact-30B,proj_pythia,1.62382,0,0,1
729.abc_r-twoexact-30B,proj_normal,1.63242,82.24,32.35,1
729.abc_r-twoexact-30B,proj_normal_pythia,1.6248,73.38,13.92,1
729.abc_r-twoexact-30B,proj_xpt,1.63084,83.39,1.41,1
729.abc_r-twoexact-30B,proj_xpt_pythia,1.62415,55.84,0.1,1
729.abc_r-twoexact-41B,proj_nopf,1.75958,0,0,1
729.abc_r-twoexact-41B,proj_pythia,1.75969,0,0,1
729.abc_r-twoexact-41B,proj_normal,1.76012,87.86,49.14,1
729.abc_r-twoexact-41B,proj_normal_pythia,1.75997,72.03,21.57,1
729.abc_r-twoexact-41B,proj_xpt,1.75964,90.18,1.29,1
729.abc_r-twoexact-41B,proj_xpt_pythia,1.75972,53.33,0.02,1
729.abc_r-twoexact-6B,proj_nopf,1.78505,0,0,1
729.abc_r-twoexact-6B,proj_pythia,1.78534,0,0,1
729.abc_r-twoexact-6B,proj_normal,1.78506,85.37,75.73,1
729.abc_r-twoexact-6B,proj_normal_pythia,1.78538,69.88,47.53,1
729.abc_r-twoexact-6B,proj_xpt,1.78507,90.66,3.63,1
729.abc_r-twoexact-6B,proj_xpt_pythia,1.78534,40.0,0.01,1
729.abc_r-vga_lcd_miter-254B,proj_nopf,1.77243,0,0,1
729.abc_r-vga_lcd_miter-254B,proj_pythia,1.77272,0,0,1
729.abc_r-vga_lcd_miter-254B,proj_normal,1.7726,99.84,99.25,1
729.abc_r-vga_lcd_miter-254B,proj_normal_pythia,1.77276,81.48,73.53,1
729.abc_r-vga_lcd_miter-254B,proj_xpt,1.77247,99.85,23.16,1
729.abc_r-vga_lcd_miter-254B,proj_xpt_pythia,1.77273,41.4,1.47,1
729.abc_r-vga_lcd_miter-30B,proj_nopf,1.87206,0,0,1
729.abc_r-vga_lcd_miter-30B,proj_pythia,1.88346,0,0,1
729.abc_r-vga_lcd_miter-30B,proj_normal,1.87759,99.92,99.89,1
729.abc_r-vga_lcd_miter-30B,proj_normal_pythia,1.88363,93.66,27.53,1
729.abc_r-vga_lcd_miter-30B,proj_xpt,1.8748,100.0,48.69,1
729.abc_r-vga_lcd_miter-30B,proj_xpt_pythia,1.88346,NaN,0.0,1
729.abc_r-vga_lcd_miter-382B,proj_nopf,1.56677,0,0,1
729.abc_r-vga_lcd_miter-382B,proj_pythia,1.56696,0,0,1
729.abc_r-vga_lcd_miter-382B,proj_normal,1.56685,99.94,99.24,1
729.abc_r-vga_lcd_miter-382B,proj_normal_pythia,1.56699,85.16,83.55,1
729.abc_r-vga_lcd_miter-382B,proj_xpt,1.56679,100.0,14.34,1
729.abc_r-vga_lcd_miter-382B,proj_xpt_pythia,1.56696,44.25,1.53,1
729.abc_r-vga_lcd_miter-451B,proj_nopf,1.75569,0,0,1
729.abc_r-vga_lcd_miter-451B,proj_pythia,1.75634,0,0,1
729.abc_r-vga_lcd_miter-451B,proj_normal,1.75612,99.06,98.21,1
729.abc_r-vga_lcd_miter-451B,proj_normal_pythia,1.75651,81.95,75.81,1
729.abc_r-vga_lcd_miter-451B,proj_xpt,1.75581,91.46,21.41,1
729.abc_r-vga_lcd_miter-451B,proj_xpt_pythia,1.75636,25.0,1.45,1
729.abc_r-vga_lcd_miter-460B,proj_nopf,1.77562,0,0,1
729.abc_r-vga_lcd_miter-460B,proj_pythia,1.77567,0,0,1
729.abc_r-vga_lcd_miter-460B,proj_normal,1.77566,99.94,99.31,1
729.abc_r-vga_lcd_miter-460B,proj_normal_pythia,1.77569,83.52,69.74,1
729.abc_r-vga_lcd_miter-460B,proj_xpt,1.77562,99.84,22.51,1
729.abc_r-vga_lcd_miter-460B,proj_xpt_pythia,1.77567,44.79,1.55,1
734.vpr_r-jpeg_place-138B,proj_nopf,1.20801,0,0,1
734.vpr_r-jpeg_place-138B,proj_pythia,1.20803,0,0,1
734.vpr_r-jpeg_place-138B,proj_normal,1.20803,99.98,99.33,1
734.vpr_r-jpeg_place-138B,proj_normal_pythia,1.20804,89.2,50.16,1
734.vpr_r-jpeg_place-138B,proj_xpt,1.20802,99.95,43.92,1
734.vpr_r-jpeg_place-138B,proj_xpt_pythia,1.20803,NaN,0.0,1
734.vpr_r-jpeg_place-245B,proj_nopf,0.63854,0,0,1
734.vpr_r-jpeg_place-245B,proj_pythia,0.66786,0,0,1
734.vpr_r-jpeg_place-245B,proj_normal,0.64745,74.14,33.25,1
734.vpr_r-jpeg_place-245B,proj_normal_pythia,0.66976,56.58,8.85,1
734.vpr_r-jpeg_place-245B,proj_xpt,0.63863,82.7,0.02,1
734.vpr_r-jpeg_place-245B,proj_xpt_pythia,0.66783,41.18,0.0,1
734.vpr_r-jpeg_place-24B,proj_nopf,1.44372,0,0,1
734.vpr_r-jpeg_place-24B,proj_pythia,1.58188,0,0,1
734.vpr_r-jpeg_place-24B,proj_normal,1.48883,98.43,88.08,1
734.vpr_r-jpeg_place-24B,proj_normal_pythia,1.58877,87.71,32.49,1
734.vpr_r-jpeg_place-24B,proj_xpt,1.45903,51.0,31.18,1
734.vpr_r-jpeg_place-24B,proj_xpt_pythia,1.58196,74.85,1.4,1
734.vpr_r-jpeg_place-76B,proj_nopf,0.63175,0,0,1
734.vpr_r-jpeg_place-76B,proj_pythia,0.7896,0,0,1
734.vpr_r-jpeg_place-76B,proj_normal,0.68465,95.62,96.92,1
734.vpr_r-jpeg_place-76B,proj_normal_pythia,0.80607,80.0,61.79,1
734.vpr_r-jpeg_place-76B,proj_xpt,0.64269,98.92,22.91,1
734.vpr_r-jpeg_place-76B,proj_xpt_pythia,0.78513,72.39,3.93,1
734.vpr_r-jpeg_route-304B,proj_nopf,1.01075,0,0,1
734.vpr_r-jpeg_route-304B,proj_pythia,1.02859,0,0,1
734.vpr_r-jpeg_route-304B,proj_normal,1.01654,79.39,44.5,1
734.vpr_r-jpeg_route-304B,proj_normal_pythia,1.03026,71.63,17.81,1
734.vpr_r-jpeg_route-304B,proj_xpt,1.0108,97.46,0.22,1
734.vpr_r-jpeg_route-304B,proj_xpt_pythia,1.02859,0.0,0.0,1
734.vpr_r-jpeg_route-49B,proj_nopf,0.98816,0,0,1
734.vpr_r-jpeg_route-49B,proj_pythia,1.12158,0,0,1
734.vpr_r-jpeg_route-49B,proj_normal,1.02967,99.79,99.68,1
734.vpr_r-jpeg_route-49B,proj_normal_pythia,1.12873,94.32,82.1,1
734.vpr_r-jpeg_route-49B,proj_xpt,1.00333,99.68,27.12,1
734.vpr_r-jpeg_route-49B,proj_xpt_pythia,1.11971,83.67,1.53,1
734.vpr_r-smithwaterman_place-116B,proj_nopf,1.16734,0,0,1
734.vpr_r-smithwaterman_place-116B,proj_pythia,1.16738,0,0,1
734.vpr_r-smithwaterman_place-116B,proj_normal,1.16743,99.92,99.76,1
734.vpr_r-smithwaterman_place-116B,proj_normal_pythia,1.1674,93.85,65.47,1
734.vpr_r-smithwaterman_place-116B,proj_xpt,1.16739,98.68,49.19,1
734.vpr_r-smithwaterman_place-116B,proj_xpt_pythia,1.16738,NaN,0.0,1
734.vpr_r-smithwaterman_place-17B,proj_nopf,1.41466,0,0,1
734.vpr_r-smithwaterman_place-17B,proj_pythia,1.43987,0,0,1
734.vpr_r-smithwaterman_place-17B,proj_normal,1.42174,99.62,96.4,1
734.vpr_r-smithwaterman_place-17B,proj_normal_pythia,1.43944,84.24,52.37,1
734.vpr_r-smithwaterman_place-17B,proj_xpt,1.41629,96.34,24.72,1
734.vpr_r-smithwaterman_place-17B,proj_xpt_pythia,1.43994,74.59,3.67,1
734.vpr_r-smithwaterman_place-213B,proj_nopf,0.59416,0,0,1
734.vpr_r-smithwaterman_place-213B,proj_pythia,0.64459,0,0,1
734.vpr_r-smithwaterman_place-213B,proj_normal,0.61381,73.64,54.61,1
734.vpr_r-smithwaterman_place-213B,proj_normal_pythia,0.65368,64.61,33.11,1
734.vpr_r-smithwaterman_place-213B,proj_xpt,0.59442,91.91,0.04,1
734.vpr_r-smithwaterman_place-213B,proj_xpt_pythia,0.64459,NaN,0.0,1
734.vpr_r-smithwaterman_route-156B,proj_nopf,1.84769,0,0,1
734.vpr_r-smithwaterman_route-156B,proj_pythia,1.86197,0,0,1
734.vpr_r-smithwaterman_route-156B,proj_normal,1.86734,97.01,95.35,1
734.vpr_r-smithwaterman_route-156B,proj_normal_pythia,1.87339,82.08,79.72,1
734.vpr_r-smithwaterman_route-156B,proj_xpt,1.8502,98.9,11.27,1
734.vpr_r-smithwaterman_route-156B,proj_xpt_pythia,1.86207,31.51,0.12,1
734.vpr_r-smithwaterman_route-54B,proj_nopf,1.45205,0,0,1
734.vpr_r-smithwaterman_route-54B,proj_pythia,1.45497,0,0,1
734.vpr_r-smithwaterman_route-54B,proj_normal,1.45459,99.77,99.84,1
734.vpr_r-smithwaterman_route-54B,proj_normal_pythia,1.45536,83.51,78.73,1
734.vpr_r-smithwaterman_route-54B,proj_xpt,1.45268,99.92,21.5,1
734.vpr_r-smithwaterman_route-54B,proj_xpt_pythia,1.45493,77.22,2.95,1
735.gem5_r-riscv_boot_timing-221B,proj_nopf,0.90415,0,0,1
735.gem5_r-riscv_boot_timing-221B,proj_pythia,0.9044,0,0,1
735.gem5_r-riscv_boot_timing-221B,proj_normal,0.90438,98.14,96.41,1
735.gem5_r-riscv_boot_timing-221B,proj_normal_pythia,0.9045,81.4,70.15,1
735.gem5_r-riscv_boot_timing-221B,proj_xpt,0.9042,99.36,28.87,1
735.gem5_r-riscv_boot_timing-221B,proj_xpt_pythia,0.90442,76.96,14.3,1
735.gem5_r-riscv_boot_timing-99B,proj_nopf,0.90427,0,0,1
735.gem5_r-riscv_boot_timing-99B,proj_pythia,0.90461,0,0,1
735.gem5_r-riscv_boot_timing-99B,proj_normal,0.90449,98.22,96.63,1
735.gem5_r-riscv_boot_timing-99B,proj_normal_pythia,0.90471,81.92,71.75,1
735.gem5_r-riscv_boot_timing-99B,proj_xpt,0.90431,97.85,27.95,1
735.gem5_r-riscv_boot_timing-99B,proj_xpt_pythia,0.90462,75.53,13.87,1
735.gem5_r-synthetic_traffic_21-134B,proj_nopf,0.97821,0,0,1
735.gem5_r-synthetic_traffic_21-134B,proj_pythia,0.97852,0,0,1
735.gem5_r-synthetic_traffic_21-134B,proj_normal,0.98042,94.72,88.85,1
735.gem5_r-synthetic_traffic_21-134B,proj_normal_pythia,0.97986,90.39,76.46,1
735.gem5_r-synthetic_traffic_21-134B,proj_xpt,0.97873,98.17,22.07,1
735.gem5_r-synthetic_traffic_21-134B,proj_xpt_pythia,0.97865,76.39,12.53,1
735.gem5_r-synthetic_traffic_74_ruby-116B,proj_nopf,1.22015,0,0,1
735.gem5_r-synthetic_traffic_74_ruby-116B,proj_pythia,1.22084,0,0,1
735.gem5_r-synthetic_traffic_74_ruby-116B,proj_normal,1.22035,87.84,60.48,1
735.gem5_r-synthetic_traffic_74_ruby-116B,proj_normal_pythia,1.22094,72.5,35.79,1
735.gem5_r-synthetic_traffic_74_ruby-116B,proj_xpt,1.22016,98.97,0.54,1
735.gem5_r-synthetic_traffic_74_ruby-116B,proj_xpt_pythia,1.22084,NaN,0.0,1
750.sealcrypto_r-ecuador_galapagos-1207B,proj_nopf,1.53935,0,0,1
750.sealcrypto_r-ecuador_galapagos-1207B,proj_pythia,1.58918,0,0,1
750.sealcrypto_r-ecuador_galapagos-1207B,proj_normal,1.55774,98.44,96.46,1
750.sealcrypto_r-ecuador_galapagos-1207B,proj_normal_pythia,1.58972,89.47,80.37,1
750.sealcrypto_r-ecuador_galapagos-1207B,proj_xpt,1.54869,94.73,48.46,1
750.sealcrypto_r-ecuador_galapagos-1207B,proj_xpt_pythia,1.58917,89.73,23.42,1
750.sealcrypto_r-ecuador_galapagos-811B,proj_nopf,1.54099,0,0,1
750.sealcrypto_r-ecuador_galapagos-811B,proj_pythia,1.59285,0,0,1
750.sealcrypto_r-ecuador_galapagos-811B,proj_normal,1.56094,98.12,95.96,1
750.sealcrypto_r-ecuador_galapagos-811B,proj_normal_pythia,1.59339,89.01,82.45,1
750.sealcrypto_r-ecuador_galapagos-811B,proj_xpt,1.55105,98.92,48.19,1
750.sealcrypto_r-ecuador_galapagos-811B,proj_xpt_pythia,1.59284,90.37,24.18,1
753.ns3_r-dctcp_example-10B,proj_nopf,0.88267,0,0,1
753.ns3_r-dctcp_example-10B,proj_pythia,0.88261,0,0,1
753.ns3_r-dctcp_example-10B,proj_normal,0.88272,93.73,84.53,1
753.ns3_r-dctcp_example-10B,proj_normal_pythia,0.88264,73.39,52.73,1
753.ns3_r-dctcp_example-10B,proj_xpt,0.88267,99.47,0.8,1
753.ns3_r-dctcp_example-10B,proj_xpt_pythia,0.88262,83.33,0.12,1
753.ns3_r-dctcp_example-151B,proj_nopf,0.83198,0,0,1
753.ns3_r-dctcp_example-151B,proj_pythia,0.82781,0,0,1
753.ns3_r-dctcp_example-151B,proj_normal,0.83392,84.13,55.01,1
753.ns3_r-dctcp_example-151B,proj_normal_pythia,0.82944,71.78,37.18,1
753.ns3_r-dctcp_example-151B,proj_xpt,0.83199,93.94,0.04,1
753.ns3_r-dctcp_example-151B,proj_xpt_pythia,0.82786,82.0,0.02,1
753.ns3_r-dctcp_example-78B,proj_nopf,0.83761,0,0,1
753.ns3_r-dctcp_example-78B,proj_pythia,0.83509,0,0,1
753.ns3_r-dctcp_example-78B,proj_normal,0.83981,82.01,55.16,1
753.ns3_r-dctcp_example-78B,proj_normal_pythia,0.83668,71.54,36.53,1
753.ns3_r-dctcp_example-78B,proj_xpt,0.83762,100.0,0.02,1
753.ns3_r-dctcp_example-78B,proj_xpt_pythia,0.83511,90.91,0.02,1
753.ns3_r-lena_radio_link_failure-19B,proj_nopf,0.89762,0,0,1
753.ns3_r-lena_radio_link_failure-19B,proj_pythia,0.89767,0,0,1
753.ns3_r-lena_radio_link_failure-19B,proj_normal,0.89769,99.96,98.7,1
753.ns3_r-lena_radio_link_failure-19B,proj_normal_pythia,0.89769,75.83,81.83,1
753.ns3_r-lena_radio_link_failure-19B,proj_xpt,0.89762,100.0,1.62,1
753.ns3_r-lena_radio_link_failure-19B,proj_xpt_pythia,0.89767,NaN,0.0,1
753.ns3_r-lena_radio_link_failure-25B,proj_nopf,0.89488,0,0,1
753.ns3_r-lena_radio_link_failure-25B,proj_pythia,0.89494,0,0,1
753.ns3_r-lena_radio_link_failure-25B,proj_normal,0.89495,99.92,98.96,1
753.ns3_r-lena_radio_link_failure-25B,proj_normal_pythia,0.89496,75.34,82.17,1
753.ns3_r-lena_radio_link_failure-25B,proj_xpt,0.89488,100.0,2.01,1
753.ns3_r-lena_radio_link_failure-25B,proj_xpt_pythia,0.89494,NaN,0.0,1
753.ns3_r-lena_radio_link_failure-29B,proj_nopf,0.87517,0,0,1
753.ns3_r-lena_radio_link_failure-29B,proj_pythia,0.87561,0,0,1
753.ns3_r-lena_radio_link_failure-29B,proj_normal,0.8754,98.37,98.0,1
753.ns3_r-lena_radio_link_failure-29B,proj_normal_pythia,0.87572,71.91,77.89,1
753.ns3_r-lena_radio_link_failure-29B,proj_xpt,0.87518,100.0,6.46,1
753.ns3_r-lena_radio_link_failure-29B,proj_xpt_pythia,0.87561,NaN,0.0,1
753.ns3_r-lena_radio_link_failure-8B,proj_nopf,0.90198,0,0,1
753.ns3_r-lena_radio_link_failure-8B,proj_pythia,0.90207,0,0,1
753.ns3_r-lena_radio_link_failure-8B,proj_normal,0.90202,91.17,94.46,1
753.ns3_r-lena_radio_link_failure-8B,proj_normal_pythia,0.90207,65.6,67.77,1
753.ns3_r-lena_radio_link_failure-8B,proj_xpt,0.90198,100.0,0.39,1
753.ns3_r-lena_radio_link_failure-8B,proj_xpt_pythia,0.90207,NaN,0.0,1
753.ns3_r-mobile_scenario-164B,proj_nopf,1.14624,0,0,1
753.ns3_r-mobile_scenario-164B,proj_pythia,1.14632,0,0,1
753.ns3_r-mobile_scenario-164B,proj_normal,1.14643,89.35,72.85,1
753.ns3_r-mobile_scenario-164B,proj_normal_pythia,1.14635,70.47,48.76,1
753.ns3_r-mobile_scenario-164B,proj_xpt,1.14624,100.0,0.23,1
753.ns3_r-mobile_scenario-164B,proj_xpt_pythia,1.14632,NaN,0.0,1
753.ns3_r-mobile_scenario-19B,proj_nopf,1.16469,0,0,1
753.ns3_r-mobile_scenario-19B,proj_pythia,1.16472,0,0,1
753.ns3_r-mobile_scenario-19B,proj_normal,1.1647,96.5,97.54,1
753.ns3_r-mobile_scenario-19B,proj_normal_pythia,1.16472,67.53,77.67,1
753.ns3_r-mobile_scenario-19B,proj_xpt,1.16469,77.86,1.01,1
753.ns3_r-mobile_scenario-19B,proj_xpt_pythia,1.16472,NaN,0.0,1
753.ns3_r-mobile_scenario-220B,proj_nopf,1.1443,0,0,1
753.ns3_r-mobile_scenario-220B,proj_pythia,1.14446,0,0,1
753.ns3_r-mobile_scenario-220B,proj_normal,1.14458,91.74,81.14,1
753.ns3_r-mobile_scenario-220B,proj_normal_pythia,1.14458,70.77,53.64,1
753.ns3_r-mobile_scenario-220B,proj_xpt,1.1443,100.0,0.23,1
753.ns3_r-mobile_scenario-220B,proj_xpt_pythia,1.14446,NaN,0.0,1
753.ns3_r-mobile_scenario-254B,proj_nopf,1.13695,0,0,1
753.ns3_r-mobile_scenario-254B,proj_pythia,1.13683,0,0,1
753.ns3_r-mobile_scenario-254B,proj_normal,1.13712,90.77,71.94,1
753.ns3_r-mobile_scenario-254B,proj_normal_pythia,1.13687,71.47,44.76,1
753.ns3_r-mobile_scenario-254B,proj_xpt,1.13695,100.0,0.21,1
753.ns3_r-mobile_scenario-254B,proj_xpt_pythia,1.13683,NaN,0.0,1
753.ns3_r-mobile_scenario-58B,proj_nopf,1.14766,0,0,1
753.ns3_r-mobile_scenario-58B,proj_pythia,1.14784,0,0,1
753.ns3_r-mobile_scenario-58B,proj_normal,1.1477,93.24,89.65,1
753.ns3_r-mobile_scenario-58B,proj_normal_pythia,1.14784,69.41,69.04,1
753.ns3_r-mobile_scenario-58B,proj_xpt,1.14766,100.0,0.34,1
753.ns3_r-mobile_scenario-58B,proj_xpt_pythia,1.14784,NaN,0.0,1
753.ns3_r-tcp_pacing-109B,proj_nopf,0.85804,0,0,1
753.ns3_r-tcp_pacing-109B,proj_pythia,0.85809,0,0,1
753.ns3_r-tcp_pacing-109B,proj_normal,0.85805,98.14,95.76,1
753.ns3_r-tcp_pacing-109B,proj_normal_pythia,0.85809,70.27,70.63,1
753.ns3_r-tcp_pacing-109B,proj_xpt,0.85804,31.64,4.23,1
753.ns3_r-tcp_pacing-109B,proj_xpt_pythia,0.85809,18.18,0.08,1
753.ns3_r-tcp_pacing-195B,proj_nopf,0.80616,0,0,1
753.ns3_r-tcp_pacing-195B,proj_pythia,0.80621,0,0,1
753.ns3_r-tcp_pacing-195B,proj_normal,0.80616,96.66,95.19,1
753.ns3_r-tcp_pacing-195B,proj_normal_pythia,0.80621,70.35,70.61,1
753.ns3_r-tcp_pacing-195B,proj_xpt,0.80616,36.68,4.23,1
753.ns3_r-tcp_pacing-195B,proj_xpt_pythia,0.80621,NaN,0.0,1
753.ns3_r-tcp_pacing-19B,proj_nopf,0.85676,0,0,1
753.ns3_r-tcp_pacing-19B,proj_pythia,0.85682,0,0,1
753.ns3_r-tcp_pacing-19B,proj_normal,0.85677,97.35,96.5,1
753.ns3_r-tcp_pacing-19B,proj_normal_pythia,0.85681,69.81,69.71,1
753.ns3_r-tcp_pacing-19B,proj_xpt,0.85677,57.06,6.76,1
753.ns3_r-tcp_pacing-19B,proj_xpt_pythia,0.85682,NaN,0.0,1
753.ns3_r-tcp_pacing-82B,proj_nopf,0.85798,0,0,1
753.ns3_r-tcp_pacing-82B,proj_pythia,0.85803,0,0,1
753.ns3_r-tcp_pacing-82B,proj_normal,0.85798,97.88,95.2,1
753.ns3_r-tcp_pacing-82B,proj_normal_pythia,0.85803,68.59,70.46,1
753.ns3_r-tcp_pacing-82B,proj_xpt,0.85798,36.9,5.09,1
753.ns3_r-tcp_pacing-82B,proj_xpt_pythia,0.85803,NaN,0.0,1
753.ns3_r-wifi_eht_network-114B,proj_nopf,0.80336,0,0,1
753.ns3_r-wifi_eht_network-114B,proj_pythia,0.80279,0,0,1
753.ns3_r-wifi_eht_network-114B,proj_normal,0.80336,91.91,74.89,1
753.ns3_r-wifi_eht_network-114B,proj_normal_pythia,0.80285,78.52,43.66,1
753.ns3_r-wifi_eht_network-114B,proj_xpt,0.80336,99.49,10.67,1
753.ns3_r-wifi_eht_network-114B,proj_xpt_pythia,0.80279,63.52,2.96,1
753.ns3_r-wifi_eht_network-36B,proj_nopf,0.82687,0,0,1
753.ns3_r-wifi_eht_network-36B,proj_pythia,0.83121,0,0,1
753.ns3_r-wifi_eht_network-36B,proj_normal,0.82999,86.35,68.46,1
753.ns3_r-wifi_eht_network-36B,proj_normal_pythia,0.83213,73.37,34.03,1
753.ns3_r-wifi_eht_network-36B,proj_xpt,0.82755,98.12,11.72,1
753.ns3_r-wifi_eht_network-36B,proj_xpt_pythia,0.83129,59.51,1.34,1
753.ns3_r-wifi_eht_network-42B,proj_nopf,0.8506,0,0,1
753.ns3_r-wifi_eht_network-42B,proj_pythia,0.85596,0,0,1
753.ns3_r-wifi_eht_network-42B,proj_normal,0.85399,88.22,73.31,1
753.ns3_r-wifi_eht_network-42B,proj_normal_pythia,0.8566,74.83,45.02,1
753.ns3_r-wifi_eht_network-42B,proj_xpt,0.85138,98.28,13.56,1
753.ns3_r-wifi_eht_network-42B,proj_xpt_pythia,0.85614,52.24,0.31,1
753.ns3_r-wifi_eht_network-59B,proj_nopf,0.80611,0,0,1
753.ns3_r-wifi_eht_network-59B,proj_pythia,0.80541,0,0,1
753.ns3_r-wifi_eht_network-59B,proj_normal,0.80611,94.28,76.23,1
753.ns3_r-wifi_eht_network-59B,proj_normal_pythia,0.80543,79.74,29.92,1
753.ns3_r-wifi_eht_network-59B,proj_xpt,0.80611,84.96,12.3,1
753.ns3_r-wifi_eht_network-59B,proj_xpt_pythia,0.80538,95.25,4.95,1
753.ns3_r-wifi_eht_network-95B,proj_nopf,0.80077,0,0,1
753.ns3_r-wifi_eht_network-95B,proj_pythia,0.80051,0,0,1
753.ns3_r-wifi_eht_network-95B,proj_normal,0.80085,93.03,46.77,1
753.ns3_r-wifi_eht_network-95B,proj_normal_pythia,0.80059,77.06,22.04,1
753.ns3_r-wifi_eht_network-95B,proj_xpt,0.80078,99.63,7.49,1
753.ns3_r-wifi_eht_network-95B,proj_xpt_pythia,0.8005,97.05,2.5,1
753.ns3_r-wifi_mixed_network-279B,proj_nopf,0.89629,0,0,1
753.ns3_r-wifi_mixed_network-279B,proj_pythia,0.89652,0,0,1
753.ns3_r-wifi_mixed_network-279B,proj_normal,0.89634,96.02,97.66,1
753.ns3_r-wifi_mixed_network-279B,proj_normal_pythia,0.89652,74.22,69.72,1
753.ns3_r-wifi_mixed_network-279B,proj_xpt,0.89631,80.68,12.9,1
753.ns3_r-wifi_mixed_network-279B,proj_xpt_pythia,0.89652,NaN,0.0,1
753.ns3_r-wifi_mixed_network-60B,proj_nopf,0.90805,0,0,1
753.ns3_r-wifi_mixed_network-60B,proj_pythia,0.90817,0,0,1
753.ns3_r-wifi_mixed_network-60B,proj_normal,0.90808,98.61,99.01,1
753.ns3_r-wifi_mixed_network-60B,proj_normal_pythia,0.90817,74.73,69.4,1
753.ns3_r-wifi_mixed_network-60B,proj_xpt,0.90807,94.18,20.19,1
753.ns3_r-wifi_mixed_network-60B,proj_xpt_pythia,0.90817,NaN,0.0,1
753.ns3_r-wifi_mixed_network-99B,proj_nopf,0.90609,0,0,1
753.ns3_r-wifi_mixed_network-99B,proj_pythia,0.90619,0,0,1
753.ns3_r-wifi_mixed_network-99B,proj_normal,0.90611,99.28,99.2,1
753.ns3_r-wifi_mixed_network-99B,proj_normal_pythia,0.90619,73.14,71.37,1
753.ns3_r-wifi_mixed_network-99B,proj_xpt,0.9061,97.37,20.06,1
753.ns3_r-wifi_mixed_network-99B,proj_xpt_pythia,0.90619,NaN,0.0,1
